keyword,link,position
keto restaurants near me,https://www.womenshealthmag.com/weight-loss/g20152558/keto-friendly-restaurant/,1
keto restaurants near me,https://www.yelp.com/nearme/keto-friendly-restaurants,2
keto restaurants near me,https://www.tastingtable.com/752809/most-keto-friendly-chain-restaurants-that-wont-break-the-bank/,3
keto restaurants near me,https://www.everydayhealth.com/ketogenic-diet/best-restaurants-keto-diet-followers/,4
keto restaurants near me,https://www.goodhousekeeping.com/health/diet-nutrition/g38954495/keto-friendly-restaurants/,5
keto restaurants near me,https://www.ketoasap.com/low-carb-restaurants/,6
keto restaurants near me,https://www.restomontreal.ca/s/?restaurants=keto-cetogene&c=341&lang=en,7
keto restaurants near me,https://www.chefonline.co.uk/blog/best-keto-restaurants-in-london,8
keto restaurants near me,https://www.tripadvisor.co.uk/Restaurant_Review-g186338-d21350101-Reviews-Keto_Restaurant-London_England.html,9
keto restaurants near me,https://www.timeoutdubai.com/food-drink/where-to-eat-keto-in-dubai,10
popcorn on keto,https://www.goodhousekeeping.com/health/diet-nutrition/a38582618/is-popcorn-keto/,1
popcorn on keto,https://www.freshnlean.com/blog/is-popcorn-keto/,2
popcorn on keto,https://parade.com/1388060/stephanieosmanski/is-popcorn-keto/,3
popcorn on keto,https://perfectketo.com/is-popcorn-keto-friendly/,4
popcorn on keto,https://www.womenshealthmag.com/weight-loss/a38121617/is-popcorn-keto/,5
popcorn on keto,https://www.healthline.com/nutrition/is-popcorn-keto,6
popcorn on keto,https://greatist.com/health/can-i-eat-popcorn-on-keto,7
popcorn on keto,https://izzycooking.com/is-popcorn-keto-and-carbs-in-popcorn/,8
popcorn on keto,https://www.thedonutwhole.com/can-i-eat-popcorn-in-keto-diet/,1
popcorn on keto,https://thebigmansworld.com/keto-popcorn/,2
popcorn on keto,https://chomps.com/blogs/nutrition-sustainability-news/is-popcorn-keto,3
popcorn on keto,https://www.wholesomeyum.com/keto-popcorn/,4
popcorn on keto,https://www.mentalfoodchain.com/is-popcorn-carbs-or-keto/,5
popcorn on keto,https://www.atketo.com/is-popcorn-keto/,6
popcorn on keto,https://vegan.rocks/it/blog/is-popcorn-keto/,7
popcorn on keto,https://forum-theatre.com/can-i-eat-movie-theatre-popcorn-on-keto/,8
popcorn on keto,https://ketonut.ca/is-popcorn-allowed-on-keto-diet/,9
popcorn on keto,https://sureketo.com/is-it-keto/buttered-popcorn,10
how long does it take to get into ketosis,https://www.healthline.com/nutrition/7-tips-to-get-into-ketosis,1
how long does it take to get into ketosis,https://www.yourworkoutbook.com/how-long-does-it-take-to-get-into-ketosis/,2
how long does it take to get into ketosis,https://ketogenic.com/how-long-does-it-take-to-get-into-ketosis/,3
how long does it take to get into ketosis,https://www.medicalnewstoday.com/articles/324599,4
how long does it take to get into ketosis,https://www.eatlegendary.com/blogs/nutrition/how-to-get-into-ketosis-in-24-hours-the-ultimate-guide,5
how long does it take to get into ketosis,https://www.carbmanager.com/article/ywc84riaabhotv7h/how-long-does-it-take-to-get-into-ketosis,6
how long does it take to get into ketosis,https://www.myketokitchen.com/keto-diet/how-long-does-it-take-to-get-into-ketosis/,7
how long does it take to get into ketosis,https://www.insider.com/guides/health/diet-nutrition/how-long-does-it-take-to-get-into-ketosis,8
how long does it take to get into ketosis,https://www.health.harvard.edu/heart-health/time-to-try-intermittent-fasting,9
how long does it take to get into ketosis,https://www.ketogenic.diet/learn/how-long-does-it-take-to-get-into-ketosis/,1
how long does it take to get into ketosis,https://windowfasting.co/blog/keto/how-long-does-it-take-to-get-into-ketosis,2
how long does it take to get into ketosis,https://www.medicalnewstoday.com/articles/324599,3
how long does it take to get into ketosis,https://www.diagnoxhealth.com/blog/how-long-does-it-take-to-get-into-ketosis,4
how long does it take to get into ketosis,https://peopleschoicebeefjerky.com/blogs/news/how-to-get-into-ketosis-in-24-hours,5
how long does it take to get into ketosis,https://www.credihealth.com/blog/how-long-does-it-take-to-get-into-ketosis/,6
how long does it take to get into ketosis,https://www.ruled.me/faq/how-long-does-it-take-to-get-into-ketosis/,7
how long does it take to get into ketosis,https://wellness52.com/how-long-does-it-take-to-get-into-ketosis/,8
how long does it take to get into ketosis,https://my.clevelandclinic.org/health/articles/24003-ketosis,9
how long does it take to get into ketosis,https://www.quora.com/How-long-does-it-take-the-average-fit-person-to-enter-into-a-state-of-ketosis,10
allulose vs erythritol,https://pediaa.com/what-is-the-difference-between-allulose-and-erythritol/,1
allulose vs erythritol,https://allusoda.com/pages/allulose-vs-erythritol,2
allulose vs erythritol,https://perfectketo.com/allulose-vs-erythritol/,3
allulose vs erythritol,https://ketogoods.net/blogs/news/allulose-vs-others,4
allulose vs erythritol,https://www.differencebetween.com/difference-between-allulose-and-erythritol/,5
allulose vs erythritol,https://eatsweetlogic.com/blogs/news/erythritol-vs-allulose-in-baking,6
allulose vs erythritol,https://www.quora.com/How-does-allulose-compare-to-erythritol,7
allulose vs erythritol,https://impactyourlife.co/blogs/impact/erythritol-vs-allulose,8
allulose vs erythritol,https://www.underherb.com/info/allulose-vs-erythritol-62577204.html,9
allulose vs erythritol,https://www.underherb.com/info/allulose-vs-erythritol-62577204.html,1
allulose vs erythritol,https://nutritionfacts.org/webinar/which-sweeteners-are-safe-the-latest-on-allulose-and-erythritol/,2
allulose vs erythritol,https://thecontentauthority.com/blog/allulose-vs-erythritol,3
allulose vs erythritol,https://www.sweetbestph.com/product/sweet-best-allulose-blend/,4
allulose vs erythritol,https://bakingessentials.ph/product/sweet-best-allulose-blend/,5
allulose vs erythritol,https://www.mdpi.com/2072-6643/15/2/458,6
allulose vs erythritol,https://howtiangroup.com/stevia-erythritol-a-sweet-classic/,7
allulose vs erythritol,https://www.nutrisense.io/blog/allulose-versus-stevia,8
allulose vs erythritol,https://soylent.com/blogs/news/allulose-vs-stevia-what-makes-allulose-better,9
best vegetables for weight loss,https://www.eatingwell.com/article/7938735/the-best-vegetables-for-weight-loss-according-to-dietitians/,1
best vegetables for weight loss,https://www.foodnetwork.com/healthy/articles/best-vegetables-eat-lose-weight,2
best vegetables for weight loss,https://www.dietdoctor.com/weight-loss/vegetables,3
best vegetables for weight loss,https://www.ndtv.com/food/weight-loss-top-9-vegetables-to-include-in-your-diet-to-burn-belly-fat-1885607,4
best vegetables for weight loss,https://fitelo.co/vegetables-for-weight-loss/,5
best vegetables for weight loss,https://www.signos.com/blog/best-vegetables-for-weight-loss,6
best vegetables for weight loss,https://bozemanmagazine.com/news/2022/09/19/115082-best-vegetables-for-weight-loss-that-are-actually,7
best vegetables for weight loss,https://healthnewshub.org/the-top-five-vegetables-for-weight-loss-according-to-a-doctor/,8
best vegetables for weight loss,https://perfectketo.com/top-11-best-vegetables-for-weight-loss/,9
keto snack list,https://www.dietdoctor.com/low-carb/keto/snacks,1
keto snack list,https://www.wholesomeyum.com/category/low-carb-snacks/,2
keto snack list,https://www.healthline.com/nutrition/best-keto-snacks,3
keto snack list,https://perfectketo.com/keto-snacks/,4
keto snack list,https://alldayidreamaboutfood.com/keto-snacks-list/,5
keto snack list,https://www.ditchthecarbs.com/easy-lazy-keto-snacks/,6
keto snack list,https://tasty.co/article/michelleno/keto-snack-recipes,7
keto snack list,https://www.lowcarbspark.com/54-best-low-carb-snacks-ultimate-list/,8
keto snack list,https://thebigmansworld.com/keto-snacks/,9
keto snack list,https://www.delish.com/cooking/g4801/keto-snacks/,1
keto snack list,https://wholelottayum.com/15-keto-snacks-when-youre-on-the-go/,2
keto snack list,https://www.medicalnewstoday.com/articles/best-keto-snacks,3
keto snack list,https://www.womenshealthmag.com/weight-loss/a19994543/keto-diet-snacks/,4
keto snack list,https://schoolyardsnacks.com/blogs/blog/easy-keto-snacks,5
keto snack list,https://draxe.com/nutrition/keto-snacks/,6
keto snack list,https://www.ruled.me/keto-snack-list-for-ketosis/,7
keto snack list,https://www.everydayhealth.com/ketogenic-diet/diet/grab-go-keto-snacks-pecans-jerky-olives-more/,8
keto snack list,https://gypsyplate.com/the-best-keto-snacks/,9
keto snacks list,https://www.dietdoctor.com/low-carb/keto/snacks,1
keto snacks list,https://www.wholesomeyum.com/category/low-carb-snacks/,2
keto snacks list,https://peopleschoicebeefjerky.com/blogs/news/keto-snacks,3
keto snacks list,https://www.healthline.com/nutrition/best-keto-snacks,4
keto snacks list,https://perfectketo.com/keto-snacks/,5
keto snacks list,https://thebigmansworld.com/keto-snacks/,6
keto snacks list,https://www.delish.com/cooking/g4801/keto-snacks/,7
keto snacks list,https://tasty.co/article/michelleno/keto-snack-recipes,8
keto snacks list,https://alldayidreamaboutfood.com/keto-snacks-list/,9
keto snacks list,https://www.ditchthecarbs.com/easy-lazy-keto-snacks/,10
keto snacks list,https://insanelygoodrecipes.com/keto-snacks/,1
keto snacks list,https://www.lowcarbspark.com/54-best-low-carb-snacks-ultimate-list/,2
keto snacks list,https://gypsyplate.com/the-best-keto-snacks/,3
keto snacks list,https://draxe.com/nutrition/keto-snacks/,4
keto snacks list,https://wholelottayum.com/15-keto-snacks-when-youre-on-the-go/,5
keto snacks list,https://schoolyardsnacks.com/blogs/blog/easy-keto-snacks,6
keto snacks list,https://www.ruled.me/keto-recipes/snacks/,7
keto snacks list,https://www.bbcgoodfood.com/recipes/collection/keto-snacks-recipes,8
costco keto,https://lowcarbyum.com/how-to-shop-keto-at-costco/,1
costco keto,https://parade.com/1307042/kaitlin-vogel/keto-at-costco/,2
costco keto,https://www.costco.com/nature%27s-garden-keto-snack-mix-24-oz-2-pack.product.100650192.html,3
costco keto,https://afullliving.com/the-ultimate-costco-low-carb-and-keto-grocery-list/,4
costco keto,https://www.ketobars.com/blogs/keto-bars-and-beyond/keto-snacks-at-costco,5
costco keto,https://perfectketo.com/costco-keto/,6
costco keto,https://www.ketoconnect.net/keto-costco,7
costco keto,https://www.insider.com/best-foods-to-get-at-costco-for-weight-loss-keto-diet-2021,8
costco keto,https://peopleschoicebeefjerky.com/blogs/news/costco-keto-list,9
costco keto,https://www.costco.com/nature%27s-garden-keto-snack-mix-24-oz-2-pack.product.100650192.html,1
costco keto,https://perfectketo.com/costco-keto/,2
costco keto,https://keto-mojo.com/fr/mojo-musings/keto-news-costco-customers-love-30-keto-products/,3
costco keto,https://realgoodfoods.com/collections/all/costco,4
costco keto,https://daily.slickdeals.net/shopping/best-costco-keto-low-carb-products/,5
costco keto,https://www.icatalogue.fr/i/costco/craquelins-keto-bio-inno-foods-918724,6
costco keto,https://www.ketobars.com/blogs/keto-bars-and-beyond/keto-snacks-at-costco,7
costco keto,https://www.costcobusinesscentre.ca/inno-foods---rochers-%E0-la-noix-de-coco-c%E9to%2C-500-g.product.100420269.html?langId=-25,8
costco keto,https://www.insider.com/best-foods-to-get-at-costco-for-weight-loss-keto-diet-2021,9
costco keto,https://www.costcuisine.com/post/costco-innofoods-keto-coconut-clusters-review,10
almond butter keto,https://perfectketo.com/almond-butter-keto/,1
almond butter keto,https://www.amazon.com/Almond-Butter-Macadamia-Perfect-Ketogenic/dp/B08J8DH7X7,2
almond butter keto,https://sarais.us/blogs/news/is-almond-butter-keto-friendly,3
almond butter keto,https://thebestketorecipes.com/keto-almond-butter-cups/,4
almond butter keto,https://sugarfreelondoner.com/keto-almond-butter-cookies/,5
almond butter keto,https://thebigmansworld.com/keto-almond-butter-balls/,6
almond butter keto,https://www.thedonutwhole.com/can-you-eat-almond-butter-on-keto/,7
almond butter keto,https://www.healthline.com/nutrition/best-almond-butter,8
almond butter keto,https://wellversed.in/blogs/articles/https-www-ketofy-in-which-is-better-for-keto-peanut-butter-or-almond-butter,9
carbs in cabbage,https://www.everydayhealth.com/ketogenic-diet/is-cabbage-keto/,1
carbs in cabbage,https://www.carbmanager.com/food-detail/cc:acd3cafd9d2983e0e8d1eae58d60d008/cabbage-green-cooked,2
carbs in cabbage,https://perfectketo.com/carbs-in-cabbage/,3
carbs in cabbage,https://www.weightwatchers.com/us/blog/food/low-carb-vegetables,4
carbs in cabbage,https://www.verywellfit.com/cabbage-nutrition-facts-calories-and-health-benefit-4117541,5
carbs in cabbage,https://www.wholesomeyum.com/is-cabbage-keto/,6
carbs in cabbage,https://delightfullylowcarb.com/how-many-carbs-are-in-cabbage/,7
carbs in cabbage,https://www.healthline.com/nutrition/21-best-low-carb-vegetables,8
carbs in cabbage,https://www.ketoasap.com/is-cabbage-ketogenic-friendly/,9
keto snacks,https://www.dietdoctor.com/low-carb/keto/snacks,1
keto snacks,https://www.amazon.fr/keto-snacks/s?k=keto+snacks,2
keto snacks,https://www.delish.com/cooking/g4801/keto-snacks/,3
keto snacks,https://sagessesante.fr/keto-snacks/,4
keto snacks,https://www.wholesomeyum.com/category/low-carb-snacks/,5
keto snacks,https://thebigmansworld.com/keto-snacks/,6
keto snacks,https://www.healthline.com/nutrition/best-keto-snacks,7
keto snacks,https://www.etsy.com/fr/market/keto_snacks,8
keto snacks,https://allmyketo.com/blogs/nutrition/top-20-snacks-keto,9
keto snacks,https://www.pinterest.fr/leregimecetogene/keto-snacks-en-cas-c%C3%A9tog%C3%A8nes/,10
keto snacks,https://wholelottayum.com/15-keto-snacks-when-youre-on-the-go/,1
keto snacks,https://www.foodnetwork.com/healthy/photos/keto-snacks,2
keto snacks,https://draxe.com/nutrition/keto-snacks/,3
keto snacks,https://www.forkly.com/food/20-absolute-best-snacks-foods-to-try-on-the-keto-diet/,4
keto snacks,https://gypsyplate.com/the-best-keto-snacks/,5
keto snacks,https://www.ruled.me/keto-recipes/snacks/,6
keto snacks,https://alldayidreamaboutfood.com/keto-snacks-list/,7
keto snacks,https://peopleschoicebeefjerky.com/blogs/news/keto-snacks-amazon,8
keto snacks,https://perfectketo.com/keto-snacks/,9
cabbage carbs,https://www.everydayhealth.com/ketogenic-diet/is-cabbage-keto/,1
cabbage carbs,https://www.carbmanager.com/food-detail/cc:acd3cafd9d2983e0e8d1eae58d60d008/cabbage-green-cooked,2
cabbage carbs,https://www.weightwatchers.com/us/blog/food/low-carb-vegetables,3
cabbage carbs,https://perfectketo.com/carbs-in-cabbage/,4
cabbage carbs,https://www.wholesomeyum.com/is-cabbage-keto/,5
cabbage carbs,https://www.verywellfit.com/cabbage-nutrition-facts-calories-and-health-benefit-4117541,6
cabbage carbs,https://ketodietapp.com/data/ingredient/537,7
cabbage carbs,https://delightfullylowcarb.com/how-many-carbs-are-in-cabbage/,8
cabbage carbs,https://www.healthline.com/nutrition/21-best-low-carb-vegetables,9
keto food near me,https://www.yelp.com/nearme/keto-friendly-restaurants,1
keto food near me,https://www.womenshealthmag.com/weight-loss/g20152558/keto-friendly-restaurant/,2
keto food near me,https://www.tastingtable.com/752809/most-keto-friendly-chain-restaurants-that-wont-break-the-bank/,3
keto food near me,https://www.everydayhealth.com/ketogenic-diet/best-restaurants-keto-diet-followers/,4
keto food near me,https://www.goodhousekeeping.com/health/diet-nutrition/g38954495/keto-friendly-restaurants/,5
keto food near me,https://www.chefonline.co.uk/blog/best-keto-restaurants-in-london,6
keto food near me,https://www.phillymag.com/be-well-philly/keto-food-philadelphia/,7
keto food near me,https://somuchlife.com/keto-restaurants-in-austin/,8
keto food near me,https://www.grubhub.com/delivery/cuisine/low_carb,9
keto food near me,https://www.timeoutdubai.com/food-drink/where-to-eat-keto-in-dubai,10
keto food near me,https://www.ketoasap.com/low-carb-restaurants/,1
keto food near me,https://www.ubereats.com/gb/near-me/low-carb,2
keto food near me,https://dailyhive.com/vancouver/best-keto-friendly-restaurants-vancouver,3
keto food near me,https://www.tripadvisor.co.uk/Restaurant_Review-g186338-d21350101-Reviews-Keto_Restaurant-London_England.html,4
keto food near me,https://www.restomontreal.ca/s/?restaurants=keto-cetogene&c=341&lang=en,5
keto food near me,https://www.thrillist.com/eat/nation/keto-fast-food-options,6
keto food near me,https://www.restoquebec.ca/s/?restaurants=best-10-keto-quebec&c=341&d=QUEBEC&sort=best&lang=en,7
keto food near me,https://www.medicalnewstoday.com/articles/keto-fast-foods,8
keto food near me,https://www.findmeglutenfree.com/it/milan/keto,9
keto food near me,https://www.urbanjourney.com/restaurants/keto-friendly-restaurants-singapore/,10
how long to get into ketosis,https://www.healthline.com/nutrition/7-tips-to-get-into-ketosis,1
how long to get into ketosis,https://www.yourworkoutbook.com/how-long-does-it-take-to-get-into-ketosis/,2
how long to get into ketosis,https://www.medicalnewstoday.com/articles/324599,3
how long to get into ketosis,https://www.eatlegendary.com/blogs/nutrition/how-to-get-into-ketosis-in-24-hours-the-ultimate-guide,4
how long to get into ketosis,https://ketogenic.com/how-long-does-it-take-to-get-into-ketosis/,5
how long to get into ketosis,https://www.carbmanager.com/article/ywc84riaabhotv7h/how-long-does-it-take-to-get-into-ketosis,6
how long to get into ketosis,https://www.insider.com/guides/health/diet-nutrition/how-long-does-it-take-to-get-into-ketosis,7
how long to get into ketosis,https://keto-mojo.com/article/how-long-does-it-take-to-get-into-ketosis/,8
how long to get into ketosis,https://www.myketokitchen.com/keto-diet/how-long-does-it-take-to-get-into-ketosis/,9
how long to get into ketosis,https://www.myketokitchen.com/keto-diet/how-long-does-it-take-to-get-into-ketosis/,1
how long to get into ketosis,https://windowfasting.co/blog/keto/how-long-does-it-take-to-get-into-ketosis,2
how long to get into ketosis,https://peopleschoicebeefjerky.com/blogs/news/how-to-get-into-ketosis-in-24-hours,3
how long to get into ketosis,https://perfectketo.com/how-long-ketosis/,4
how long to get into ketosis,https://www.diagnoxhealth.com/blog/how-long-does-it-take-to-get-into-ketosis,5
how long to get into ketosis,https://www.ketogenic.diet/learn/how-long-does-it-take-to-get-into-ketosis/,6
how long to get into ketosis,https://www.ruled.me/faq/how-long-does-it-take-to-get-into-ketosis/,7
how long to get into ketosis,https://my.clevelandclinic.org/health/articles/24003-ketosis,8
how long to get into ketosis,https://www.quora.com/How-long-does-it-take-to-get-back-into-ketosis,9
keto fast food near me,https://perfectketo.com/keto-fast-food/,1
keto fast food near me,https://www.ubereats.com/pl-en/near-me/low-carb,2
keto fast food near me,https://www.delish.com/food/g19420589/keto-fast-food/,3
keto fast food near me,https://restaurantclicks.com/keto-fast-food/,4
keto fast food near me,https://www.ketoconnect.net/5-keto-fast-food/,5
keto fast food near me,https://www.thrillist.com/eat/nation/keto-fast-food-options,6
keto fast food near me,https://www.womenshealthmag.com/weight-loss/g20152558/keto-friendly-restaurant/,7
keto fast food near me,https://www.fittoservegroup.com/best-low-carb-keto-options-when-dining-out/,8
keto fast food near me,https://www.tastingtable.com/771573/keto-friendly-fast-food-options-that-wont-ruin-your-diet/,9
keto fast food near me,https://www.dietdoctor.com/low-carb/fast-food,10
keto fast food near me,https://www.medicalnewstoday.com/articles/keto-friendly-fast-food,1
keto fast food near me,https://www.mashed.com/770401/the-absolute-best-keto-fast-food-options-ranked/,2
keto fast food near me,https://www.healthline.com/nutrition/keto-fast-foods,3
keto fast food near me,https://www.wholesomeyum.com/keto-fast-food-guide/,4
keto fast food near me,https://www.switchgrocery.com/blogs/blog/how-to-order-keto-low-carb-restaurant-hacks-canada-ketoincanada,5
keto fast food near me,https://www.yelp.com/search?find_desc=Keto&find_loc=Los+Angeles%2C+CA,6
keto fast food near me,https://apps.apple.com/us/app/onthego-keto/id1524905174,7
keto macros,https://www.ruled.me/keto-calculator/,1
keto macros,https://www.go-keto.com/it/accademia/informazioni-sulla-dieta-keto/calcolatore-go-keto/,2
keto macros,https://www.omnicalculator.com/health/keto,3
keto macros,https://www.health.com/weight-loss/keto-diet-types,4
keto macros,https://www.ketofood.it/pages/keto-calcolatore,5
keto macros,https://healthyeater.com/keto-diet-macros,6
keto macros,https://perfectketo.com/keto-macro-calculator/,7
keto macros,https://ketokarma.com/keto-calculator/,8
keto macros,https://lowcarbyum.com/what-are-macros-in-keto/,9
keto macros,https://play.google.com/store/apps/details?id=com.meandmyapps.ketomacros&hl=it&gl=US,10
keto macros,https://www.carbmanager.com/article/yeau1xaaaiawhfmf/keto-macros-adjusting-carbs-protein-and-fat-to-fit/,1
keto macros,https://keto-mojo.com/it/mymojomacros-keto-macro-calculator/,2
keto macros,https://www.drberg.com/calculators/keto,3
keto macros,https://www.trifectanutrition.com/blog/keto-macros-calculating-and-tracking-success-guide,4
keto macros,https://www.flexketo.com/keto-macro-calculator,5
keto macros,https://ketogenic.com/calculator/,6
keto macros,https://www.hsph.harvard.edu/nutritionsource/healthy-weight/diet-reviews/ketogenic-diet/,7
keto macros,https://www.amazon.it/Notebook-Journal-Beginners_Healthy-Journals_6in-Perfect/dp/B099C3GLW8,8
keto macros,https://twosleevers.com/how-to-calculate-your-macros-for-a-keto-diet/,9
keto bone broth,https://ketodietapp.com/Blog/lchf/Keto-Bone-Broth,1
keto bone broth,https://www.lowcarb-nocarb.com/keto-bone-broth-instant-pot/,2
keto bone broth,https://aussieketoqueen.com/keto-bone-broth-recipe/,3
keto bone broth,https://theketominimalist.com/blog/easy-keto-bone-broth-recipe-why-you-should-drink-it,4
keto bone broth,https://www.amazon.com/keto-bone-broth/s?k=keto+bone+broth,5
keto bone broth,https://perfectketo.com/keto-chicken-bone-broth/,6
keto bone broth,https://www.ketofocus.com/recipes/chicken-bone-broth/,7
keto bone broth,https://www.primalkitchen.com/blogs/recipes/keto-bone-broth,8
keto bone broth,https://www.carbmanager.com/recipe-detail/ug:7c29eaf4-7429-a2d0-6451-7059ae39e0b1/keto-beef-bone-broth,9
low carb protein powder,https://www.amazon.com/low-carb-protein-powder/s?k=low+carb+protein+powder,1
low carb protein powder,https://www.tsunaminutrition.it/barrette-proteiche-liquide-e-snack-proteici/959-low-carb-protein-shake-250-ml.html,2
low carb protein powder,https://www.healthline.com/nutrition/low-carb-protein-powders,3
low carb protein powder,https://www.discovermagazine.com/lifestyle/18-best-low-carb-protein-powders-in-2022,4
low carb protein powder,https://www.bestbody.it/proteine-liquide-weider-shake,5
low carb protein powder,https://www.vitalabo.it/sponser-sport-food/low-carb-protein-shake,6
low carb protein powder,https://www.luxurysupplements.it/alimenti-pasta-pane-e-pizza/822-low-carb-protein-shake.html,7
low carb protein powder,https://perfectketo.com/low-carb-protein-powder/,8
low carb protein powder,https://www.myprotein.com/nutrition/protein/low-carbohydrate.list,9
low carb protein powder,https://www.womenshealthmag.com/weight-loss/g22700213/keto-protein-powder/,10
low carb protein powder,https://fitnessproducts.it/Low-Carb-Protein-Shake_1,1
low carb protein powder,https://www.womenshealthmag.com/weight-loss/g22700213/keto-protein-powder/,2
low carb protein powder,https://shoppopeyes.com/en/collections/faible-teneur-en-glucides-low-carb-protein,3
low carb protein powder,https://foodamia.com/proteine-del-siero-del-latte/3178-1198-low-carb-protein-shake-24x250ml-7440801022031.html,4
low carb protein powder,https://it1.iherb.com/pr/isopure-low-carb-protein-powder-dutch-chocolate-3-lb-1-36-kg/14657,5
low carb protein powder,https://www.nzprotein.co.nz/category/low-carb,6
low carb protein powder,https://www.vitaminstore.it/alimenti-pasta-pane-e-pizza/822-low-carb-protein-shake.html,7
low carb protein powder,https://www.walmart.com/c/kp/protein-powder-low-carb,8
low carb protein powder,https://www.yourmeals.com.au/post/low-carb-protein-powder,9
keto for women,https://www.carbmanager.com/article/yudvkxiaaceaulzj/the-ultimate-guide-to-keto-for-women,1
keto for women,https://drbrighten.com/keto-and-womens-health/,2
keto for women,https://www.healthline.com/nutrition/keto-for-women,3
keto for women,https://www.womenshealthmag.com/weight-loss/a19434332/what-is-the-keto-diet/,4
keto for women,https://www.ruled.me/keto-guide-for-women/,5
keto for women,https://perfectketo.com/keto-for-women/,6
keto for women,https://scitechdaily.com/keto-diet-may-not-work-for-women-heres-what-works-better/,7
keto for women,https://www.amazon.com/Keto-Women-Leanne-Vogel/dp/1628603704,8
keto for women,https://www.healtheuropa.com/do-keto-and-intermittent-fasting-work-for-women/112129/,9
keto for women,https://www.marksdailyapple.com/7-keto-tips-for-women/,10
keto for women,https://betterme.world/articles/keto-for-women-over-50/,1
keto for women,https://www.marksdailyapple.com/7-keto-tips-for-women/,2
keto for women,https://www.dietdoctor.com/top-tips-lose-weight-low-carb-women-40,3
keto for women,https://www.saragottfriedmd.com/women-food-and-hormones-why-keto-doesnt-work-for-all-women/,4
keto for women,https://www.amazon.fr/Keto-Women-English-Leanne-Vogel-ebook/dp/B09PLMFYF7,5
keto for women,https://www.youtube.com/watch?v=ijIrbrlbZOU,6
keto for women,https://www.youtube.com/watch?v=mx4ii1aujxk,7
keto for women,https://podcasts.apple.com/us/podcast/keto-for-women-show/id1251238874,8
keto for women,https://www.meganseelinger.com/ketoforwomen,9
keto for women,https://www.audible.fr/pd/Keto-Weight-Loss-for-Women-A-Guide-to-Lose-Weight-Livre-Audio/B09PWFVL1S,10
low carb noodles,https://www.tastingtable.com/931139/low-carb-alternatives-to-pasta-and-noodles/,1
low carb noodles,https://www.goodhousekeeping.com/food-products/g40810760/best-low-carb-pasta-noodles/,2
low carb noodles,https://www.healthline.com/health/best-low-carb-noodles,3
low carb noodles,https://www.ketofocus.com/recipes/shirataki-noodles/,4
low carb noodles,https://www.amazon.com/Wonder-Noodles-Pack-Keto-Pasta/dp/B07WP2JXDY,5
low carb noodles,https://diatribe.org/five-excellent-low-carb-pasta-alternatives,6
low carb noodles,https://www.milkandhoneynutrition.com/top-choices-for-low-carb-pasta-and-noodles/,7
low carb noodles,https://lowcarbyum.com/keto-noodles-recipe/,8
low carb noodles,https://perfectketo.com/best-low-carb-pasta-and-noodles/,9
low carb noodles,https://www.walmart.com/c/kp/pasta-zero-carbs,1
low carb noodles,https://perfectketo.com/best-low-carb-pasta-and-noodles/,2
low carb noodles,https://www.lowcarbfoods.com/community/uncategorized/the-best-keto-pasta-for-low-carb-diets/,3
low carb noodles,https://japancrate.com/blogs/news/what-japanese-noodles-are-low-carb,4
low carb noodles,https://www.womenshealthmag.com/food/g38005383/low-carb-pasta/,5
low carb noodles,https://lowcarb-ology.com/low-carb-egg-noodles/,6
low carb noodles,https://www.kroger.com/q/low+carb+pasta,7
low carb noodles,https://www.ralphs.com/q/low+carb+pasta,8
low carb noodles,https://miraclenoodle.com/collections/low-carb,9
low carb noodles,https://lowcarbafrica.com/low-carb-noodle-stir-fry-with-chicken/,10
how much weight will i lose on keto calculator,https://www.ruled.me/keto-calculator/,1
how much weight will i lose on keto calculator,https://www.healthyweightforum.org/eng/calculators/keto/,2
how much weight will i lose on keto calculator,https://perfectketo.com/keto-macro-calculator/,3
how much weight will i lose on keto calculator,https://www.iifym.com/keto-calculator/,4
how much weight will i lose on keto calculator,https://www.inchcalculator.com/keto-calculator/,5
how much weight will i lose on keto calculator,https://www.go-keto.com/en/academy/about-keto-diet/go-keto-calculator/,6
how much weight will i lose on keto calculator,https://ketogenic.com/calculator/,7
how much weight will i lose on keto calculator,https://healthyeater.com/keto-diet-macros,8
how much weight will i lose on keto calculator,https://blog.kissmyketo.com/keto-calculator/,9
how much weight will i lose on keto calculator,https://blog.kissmyketo.com/keto-calculator/,1
how much weight will i lose on keto calculator,https://calculo.io/keto-calculator,2
how much weight will i lose on keto calculator,https://lowcarbyum.com/keto-macro-calculator/,3
how much weight will i lose on keto calculator,https://keto-calculator.ankerl.com/,4
how much weight will i lose on keto calculator,https://310nutrition.com/pages/keto-calculator,5
how much weight will i lose on keto calculator,https://www.sweetashoney.co/simplest-macro-calculator/,6
how much weight will i lose on keto calculator,https://www.trifectanutrition.com/keto-macro-calculator,7
how much weight will i lose on keto calculator,https://www.omnicalculator.com/health/keto,8
how much weight will i lose on keto calculator,https://parade.com/1168776/nicolepajer/keto-weight-loss-how-fast-long-does-it-take/,9
how much weight will i lose on keto calculator,https://healthreporter.com/tools/keto-calculator/,10
keto diet plan for weight loss,https://www.dietdoctor.com/low-carb/keto/diet-plan,1
keto diet plan for weight loss,https://www.healthline.com/nutrition/keto-diet-meal-plan-and-menu,2
keto diet plan for weight loss,https://www.everydayhealth.com/diet-nutrition/ketogenic-diet/comprehensive-ketogenic-diet-food-list-follow/,3
keto diet plan for weight loss,https://blog.decathlon.in/articles/keto-diet-plan-for-weight-loss,4
keto diet plan for weight loss,https://www.healthifyme.com/blog/keto-diet-foods/,5
keto diet plan for weight loss,https://perfectketo.com/keto-weight-loss-meal-plan/,6
keto diet plan for weight loss,https://www.eatingwell.com/article/290678/i-tried-the-ketogenic-diet-for-30-days-and-heres-what-happened/,7
keto diet plan for weight loss,https://www.ruled.me/keto-diet-meal-plan/,8
keto diet plan for weight loss,https://www.ibreatheimhungry.com/free-keto-diet-plans-menus-recipes/,9
keto diet plan for weight loss,https://www.atkins.com/how-it-works/library/articles/7-day-keto-meal-plan,10
keto diet plan for weight loss,https://blog.decathlon.in/articles/keto-diet-plan-for-weight-loss,1
keto diet plan for weight loss,https://www.hsph.harvard.edu/nutritionsource/healthy-weight/diet-reviews/ketogenic-diet/,2
keto diet plan for weight loss,https://www.ibreatheimhungry.com/free-keto-diet-plans-menus-recipes/,3
keto diet plan for weight loss,https://www.medicalnewstoday.com/articles/327309,4
keto diet plan for weight loss,https://www.trifectanutrition.com/blog/1200-calorie-keto-meal-plan-full-14-day-menu,5
keto diet plan for weight loss,https://www.healthifyme.com/blog/keto-diet-foods/,6
keto diet plan for weight loss,https://www.youtube.com/watch?v=tFDjiwXhqHQ,7
keto diet plan for weight loss,https://www.youtube.com/watch?v=eAEdFdTlFh0,8
keto diet plan for weight loss,https://www.menshealth.com/nutrition/a19530409/ketogenic-ketosis-diet-for-beginners/,9
fasting diarrhea,https://levelsprotein.com/blogs/guides/diarrhea-after-fasting,1
fasting diarrhea,https://perfectketo.com/diarrhea-during-fasting/,2
fasting diarrhea,https://blog.thefastingmethod.com/fasting-basics-common-side-effects-of-fasting/,3
fasting diarrhea,https://fitnessvolt.com/diarrhea-during-fasting/,4
fasting diarrhea,https://healthreporter.com/intermittent-fasting-diarrhea/,5
fasting diarrhea,https://21dayhero.com/diarrhea-after-fasting/,6
fasting diarrhea,https://islamqa.info/en/answers/221232/does-diarrhea-break-your-fast,7
fasting diarrhea,https://www.healthshots.com/healthy-eating/nutrition/side-effects-of-intermittent-fasting-can-it-lead-to-constipation/,8
fasting diarrhea,https://www.quora.com/Is-diarrhea-normal-when-starting-intermittent-fasting,9
is crystal light keto,https://www.theartofketo.com/is-crystal-light-keto-friendly/,1
is crystal light keto,https://nobunplease.com/is-crystal-light-keto-friendly/,2
is crystal light keto,https://sureketo.com/is-it-keto/crystal-light-lemonade-drink-mix,3
is crystal light keto,https://www.ketoaholics.com/is-crystal-light-keto-friendly/,4
is crystal light keto,https://www.quora.com/Im-on-the-keto-diet-but-I-hate-plain-water-all-crystal-light-and-other-calorie-free-have-aspartame-What-CAN-I-DRINK,5
is crystal light keto,https://ketoandeat.com/is-crystal-light-keto/,6
is crystal light keto,https://lookbroad.com/is-crystal-light-keto-friendly/,7
is crystal light keto,https://www.thisiswhyimfit.com/is-crystal-light-keto-compatible/,8
is crystal light keto,https://isitketo.org/crystal-light-drink-mix-pink-lemonade,9
is crystal light keto,https://ketofoodist.com/?s=crystal+light,1
is crystal light keto,https://ketoperfct.com/blog/Crystal%20light%20ketosis,2
is crystal light keto,https://missionfinder.org/ketodietaaaz/is-crystal-light-allowed-on-zdugv-keto-diet/,3
is crystal light keto,https://www.reddit.com/r/keto/comments/wrrsio/does_crystal_light_have_carbs_or_no/,4
is crystal light keto,https://alexaanswers.amazon.com/question/7xKHDAf8JkvlLLs57WyX0N,5
is crystal light keto,https://ohmyweight.com/is-crystal-light-keto-friendly-is-it-really-bad-for-you/,6
is crystal light keto,https://authentic-keto.com/blog/crystal-light-keto-friendly/,7
is crystal light keto,https://www.carbmanager.com/food-detail/cc:64e096c455788ef291069df555662591/crystal-light-prepared-from-dry-mix-all-flavors,8
is crystal light keto,https://www.pinterest.com/pin/75364993753100615/,9
keto fast food options,https://www.delish.com/food/g19420589/keto-fast-food/,1
keto fast food options,https://www.ketoconnect.net/5-keto-fast-food/,2
keto fast food options,https://www.tastingtable.com/771573/keto-friendly-fast-food-options-that-wont-ruin-your-diet/,3
keto fast food options,https://www.healthline.com/nutrition/keto-fast-foods,4
keto fast food options,https://perfectketo.com/keto-fast-food/,5
keto fast food options,https://www.thrillist.com/eat/nation/keto-fast-food-options,6
keto fast food options,https://www.mashed.com/770401/the-absolute-best-keto-fast-food-options-ranked/,7
keto fast food options,https://www.lowcarbspark.com/top-12-keto-fast-food/,8
keto fast food options,https://www.dietdoctor.com/low-carb/fast-food,9
keto fast food options,https://www.fittoservegroup.com/best-low-carb-keto-options-when-dining-out/,10
keto fast food options,https://www.fittoservegroup.com/best-low-carb-keto-options-when-dining-out/,1
keto fast food options,https://www.medicalnewstoday.com/articles/keto-friendly-fast-food,2
keto fast food options,https://www.wholesomeyum.com/keto-fast-food-guide/,3
keto fast food options,https://www.eatthis.com/best-keto-fast-food-options/,4
keto fast food options,https://www.everydayhealth.com/ketogenic-diet/keto-fast-food-list-sample-menu-tips/,5
keto fast food options,https://ketologic.com/blogs/articles/keto-friendly-fast-food,6
keto fast food options,https://www.atkins.com/how-it-works/library/articles/low-carb-and-keto-fast-food-options,7
keto fast food options,https://www.youtube.com/watch?v=cEAGtPSPW00,8
keto 2.0 food list,https://www.nowfoods.com/sites/default/files/2021-11/Keto_Diet%20Style.pdf,1
keto 2.0 food list,https://www.carbmanager.com/article/ya9dcriaacaa7cp8/keto-2.0-what-you-need-to-know-and-should-you-try,2
keto 2.0 food list,https://perfectketo.com/keto-2-0/,3
keto 2.0 food list,https://www.sportskeeda.com/health-and-fitness/keto-2-0-diet-complete-guide-plan,4
keto 2.0 food list,https://www.health.com/nutrition/keto-2-0,5
keto 2.0 food list,https://www.funkyfatfoods.com/blogs/news/what-is-keto-2-0,6
keto 2.0 food list,https://vitaminbounty.com/blogs/blog/keto-2-0-diet-everything-you-need-to-know,7
keto 2.0 food list,https://www.eatingwell.com/article/291245/complete-keto-diet-food-list-what-you-can-and-cannot-eat-if-youre-on-a-ketogenic-diet/,8
keto 2.0 food list,https://countryrecipebook.com/keto-2-0-diet/,9
www.customer support link.com,http://customersupportlinks.com/,1
www.customer support link.com,https://customersupportlink.com.cutestat.com/,2
www.customer support link.com,https://www.ipaddress.com/site/www.customersupportlink.com,3
www.customer support link.com,https://www.supportlinc.com/,4
www.customer support link.com,https://www.linklogistics.com/customer-support/,5
www.customer support link.com,https://www.supportlink.com.au/,6
www.customer support link.com,https://www.scamadviser.com/check-website/mytcchelp.com,7
www.customer support link.com,https://ketogenic.com/what-to-do-if-you-are-a-victim-of-a-keto-scam-steps-to-getting-your-money-back-from-shark-tank-keto-pills/,8
www.customer support link.com,https://www.ccsak.org/uploads/8/5/9/6/85963578/25_eap_information.pdf,9
www.customer support link.com,https://books.google.fr/books?id=dcSiBQAAQBAJ&pg=PT43&lpg=PT43&dq=www.customer%2Bsupport%2Blink.com&source=bl&ots=N_7cBzGuMn&sig=ACfU3U3JerSmQ6MDvCzyCXk1GHuOlasV3Q&hl=fr&sa=X&ved=2ahUKEwjlrPSkh9f-AhXOU6QEHRWND9AQ6AF6BAgUEAM,10
keto macros calculator,https://www.ruled.me/keto-calculator/,1
keto macros calculator,https://ketokarma.com/keto-calculator/,2
keto macros calculator,https://perfectketo.com/keto-macro-calculator/,3
keto macros calculator,https://www.go-keto.com/en/academy/about-keto-diet/go-keto-calculator/,4
keto macros calculator,https://lowcarbyum.com/keto-macro-calculator/,5
keto macros calculator,https://ketogenic.com/calculator/,6
keto macros calculator,https://mariamindbodyhealth.com/calculator/,7
keto macros calculator,https://calculo.io/keto-calculator,8
keto macros calculator,https://keto-mojo.com/mymojomacros-keto-macro-calculator/,9
keto macros calculator,https://play.google.com/store/apps/details?id=com.meandmyapps.ketomacros&hl=it&gl=US,10
keto macros calculator,https://www.castironketo.net/blog/free-keto-macro-calculator/,1
keto macros calculator,https://www.drberg.com/calculators/keto,2
keto macros calculator,https://www.sweetashoney.co/simplest-macro-calculator/,3
keto macros calculator,https://www.wholesomeyum.com/the-best-free-low-carb-keto-macro-calculator/,4
keto macros calculator,https://www.ketoconnect.net/calculator/,5
keto macros calculator,https://healthyeater.com/keto-diet-macros,6
keto macros calculator,https://ketodietapp.com/Blog/page/KetoDiet-Buddy,7
keto macros calculator,https://keto-calculator.ankerl.com/,8
keto macros calculator,https://www.flexketo.com/keto-macro-calculator,9
keto macros calculator,https://www.ketoforbeginners.com.au/ketocalculator/,10
is popcorn keto friendly,https://www.menshealth.com/nutrition/a35277473/is-popcorn-keto/,1
is popcorn keto friendly,https://www.freshnlean.com/blog/is-popcorn-keto/,2
is popcorn keto friendly,https://www.womenshealthmag.com/weight-loss/a38121617/is-popcorn-keto/,3
is popcorn keto friendly,https://perfectketo.com/is-popcorn-keto-friendly/,4
is popcorn keto friendly,https://parade.com/1388060/stephanieosmanski/is-popcorn-keto/,5
is popcorn keto friendly,https://www.healthline.com/nutrition/is-popcorn-keto,6
is popcorn keto friendly,https://izzycooking.com/is-popcorn-keto-and-carbs-in-popcorn/,7
is popcorn keto friendly,https://greatist.com/health/can-i-eat-popcorn-on-keto,1
is popcorn keto friendly,https://chomps.com/blogs/nutrition-sustainability-news/is-popcorn-keto,2
is popcorn keto friendly,https://www.health.com/diets/keto-diet/is-popcorn-keto,3
is popcorn keto friendly,https://wellversed.in/blogs/articles/https-www-ketofy-in-can-you-eat-popcorn-on-a-keto-diet,4
is popcorn keto friendly,https://www.ruled.me/keto-popcorn/,5
is popcorn keto friendly,https://badmonkeypopcorn.com/blogs/news/is-popcorn-keto-friendly,6
is popcorn keto friendly,https://www.mentalfoodchain.com/is-popcorn-carbs-or-keto/,7
is popcorn keto friendly,https://www.thedonutwhole.com/is-movie-theatre-popcorn-keto-friendly/,8
is popcorn keto friendly,https://shumwaypopcorn.com/2021/05/is-popcorn-keto-everything-you-need-to-know/,9
is popcorn keto friendly,https://wellness52.com/is-popcorn-keto/,10
keto recipes,https://www.delish.com/cooking/g4798/easy-keto-diet-dinner-recipes/,1
keto recipes,https://www.dietdoctor.com/low-carb/keto/recipes,2
keto recipes,https://www.delicious.com.au/recipes/collections/gallery/keto-recipes/i0r61tgz,3
keto recipes,https://www.wholesomeyum.com/recipe-index/,4
keto recipes,https://www.tasteofhome.com/collection/keto-diet-recipes/,5
keto recipes,https://www.bbcgoodfood.com/recipes/collection/ketogenic-diet-recipes,6
keto recipes,https://www.taste.com.au/recipes/collections/keto-recipes,7
keto recipes,https://www.ruled.me/keto-recipes/,8
keto recipes,https://www.the-girl-who-ate-everything.com/category/keto-recipes/,9
sucralose keto,https://www.wholesomeyum.com/is-sucralose-keto/,1
sucralose keto,https://www.mentalfoodchain.com/sucralose-bad-on-keto/,2
sucralose keto,https://levelsprotein.com/blogs/food/is-sucralose-keto,3
sucralose keto,https://www.carbmanager.com/article/xtqe4beaaciaci7a/best-keto-friendly-sweeteners/,4
sucralose keto,https://www.ruled.me/keto-diet-plan-best-and-worst-sweeteners/,5
sucralose keto,https://perfectketo.com/sucralose-keto/,6
sucralose keto,https://sureketo.com/is-it-keto/sucralose,7
sucralose keto,https://healthinsider.news/sucralose-keto-diet-en/,8
sucralose keto,https://www.healthline.com/nutrition/keto-sweeteners,9
sucralose keto,https://healthreporter.com/sucralose-keto/,10
sucralose keto,https://www.mentalfoodchain.com/sucralose-bad-on-keto/,1
sucralose keto,https://allmyketo.com/blogs/cetogene/12-aliments-avec-des-sucres-cachs,2
sucralose keto,https://www.splendaenfrancais.ca/faqs/does-splenda-keto-sweetener-contain-sucralose-2/,3
sucralose keto,https://perfectketo.com/sucralose-keto/,4
sucralose keto,https://presse.signesetsens.com/sante/les-aliments-eviter-dans-le-regime-cetogene.html,5
sucralose keto,https://levelsprotein.com/blogs/food/is-sucralose-keto,6
sucralose keto,https://sureketo.com/is-it-keto/sucralose,7
sucralose keto,https://www.healthline.com/nutrition/keto-sweeteners,8
sucralose keto,https://www.dietdoctor.com/low-carb/keto/sweeteners,9
keto fiber,https://www.everydayhealth.com/ketogenic-diet/diet/best-sources-fiber-on-keto-diet/,1
keto fiber,https://www.dietdoctor.com/low-carb/high-fiber-foods,2
keto fiber,https://www.lanutrition.fr/regime-cetogene-les-meilleures-sources-de-fibres,3
keto fiber,https://perfectketo.com/how-to-get-fiber-on-keto/,4
keto fiber,https://www.metamucil.com/en-us/articles/fiber-supplements/how-to-supplement-your-lack-of-fiber-on-the-keto-diet,5
keto fiber,https://www.health.com/nutrition/high-fiber-keto-foods,6
keto fiber,https://realbalanced.com/blog/guide-to-high-fiber-keto-foods/,7
keto fiber,https://wellversed.in/blogs/articles/best-sources-of-fiber-on-the-keto-diet,8
keto fiber,https://www.amazon.com/keto-fiber/s?k=keto+fiber,9
keto fiber,https://www.amazon.fr/High-Fiber-Keto-Science-Based-Metabolism/dp/1401958877,10
keto fiber,https://betterme.world/articles/keto-fiber-foods/,1
keto fiber,https://www.pinkfoodshop.it/collections/dieta-keto/high-in-fiber?page=1&q=Wellexir,2
keto fiber,https://ketologic.com/blogs/articles/high-fiber-low-carb-foods,3
keto fiber,https://www.youtube.com/watch?v=j_1ek8lAACU,4
keto fiber,https://radiance.co.nz/product/keto-fibre/,5
keto fiber,https://www.emedicinehealth.com/can_you_eat_too_much_fiber_on_ketogenic_diet/article_em.htm,6
keto fiber,https://ruohonjuuri.com/products/puhdas-keto-fiber-oat-fiber-200-g,7
keto fiber,https://www.healthline.com/nutrition/high-fiber-low-carb-foods,8
keto fiber,https://www.livofy.com/health/keto-diet/high-fiber-keto-foods-healthcare-and-lifestyle-keto-india-keto-diet/,9
pescatarian keto,https://perfectketo.com/pescatarian-keto-diet/,1
pescatarian keto,https://www.doctorkiltz.com/pescatarian-keto/,2
pescatarian keto,https://betterme.world/articles/keto-pescatarian/,3
pescatarian keto,https://planketogenic.pro/en/keto-diet-plans/pescatarian,4
pescatarian keto,https://www.amazon.fr/Pescatarian-Keto-Cookbook-Recipes-14-day/dp/1648765033,5
pescatarian keto,https://www.pinterest.com/pin/7-quick-pescetarian-and-vegetarian-keto-meals-i-eat-all-the-time--748019819335808616/,6
pescatarian keto,https://ketogenicbuddies.com/pescatarian-keto-meal-plan/,7
pescatarian keto,https://www.amazon.com/Pescatarian-Keto-Cookbook-Recipes-14-Day/dp/1648765033,8
pescatarian keto,https://www.instagram.com/pescatarian.keto/?hl=fr,1
pescatarian keto,https://pescatarianketo.com/information/pescatarian-keto-food-shopping-list/,2
pescatarian keto,https://wellness52.com/keto-pescatarian-recipes/,3
pescatarian keto,https://www.youtube.com/watch?v=D7a6m26oE8E,4
pescatarian keto,https://www.brit.co/keto-pescatarian-recipes/,5
pescatarian keto,https://fultonfishmarket.com/blogs/articles/low-carb-pescatarian-meals,6
pescatarian keto,https://ketodietapp.com/Blog/?tag=/tagPescatarian,7
pescatarian keto,https://ketologic.com/blogs/articles/vegetarian-keto-diet,8
pescatarian keto,https://twitter.com/pescatarianketo?lang=fr,9
maltodextrin keto,https://levelsprotein.com/blogs/food/is-maltodextrin-keto,1
maltodextrin keto,https://perfectketo.com/maltodextrin-keto/,2
maltodextrin keto,https://leftcoastperformance.com/blogs/keto/maltodextrin-keto,3
maltodextrin keto,https://sureketo.com/is-it-keto/maltodextrin,4
maltodextrin keto,https://www.myketokitchen.com/keto-resources/maltodextrin-dangers-added/,5
maltodextrin keto,https://www.carbmanager.com/article/xtqe4beaaciaci7a/best-keto-friendly-sweeteners/,6
maltodextrin keto,https://www.travelinglowcarb.com/24152/starbucks-keto-maltodextrin/,7
maltodextrin keto,https://greatfoodforall.com/is-maltodextrin-keto-friendly/,8
maltodextrin keto,https://ketologic.com/blogs/white-papers/digestion-resistant-maltodextrin-the-facts,9
maltodextrin keto,https://tstransformations.com/2019/01/the-dangers-of-maltodextrin-with-the-keto-way-of-eating/,10
maltodextrin keto,https://thehealthymd.com/is-maltodextrin-keto-or-not/,1
maltodextrin keto,https://ketologic.com/blogs/white-papers/digestion-resistant-maltodextrin-the-facts,2
maltodextrin keto,https://www.ruled.me/keto-diet-plan-best-and-worst-sweeteners/,3
maltodextrin keto,https://www.youtube.com/watch?v=Cjre0lLNfVY,4
maltodextrin keto,https://www.youtube.com/watch?v=9NILSBpvQB4,5
maltodextrin keto,https://www.facebook.com/ketowithkristie/videos/maltodextrin-has-a-higher-glycemic-index-than-sugar-check-the-ingredients-if-it-/375358387633538/,6
maltodextrin keto,https://www.reddit.com/r/keto/comments/ijfa4d/is_maltodextrin_okay_to_have_in_moderation/,7
maltodextrin keto,https://www.healthline.com/nutrition/keto-sweeteners,8
maltodextrin keto,https://www.amazon.com/PowderVitamin-Electrolytes-Maltodextrin-Potassium-Magnesium/dp/B0B88PWM2X,9
is canola oil bad,https://www.hsph.harvard.edu/nutritionsource/2015/04/13/ask-the-expert-concerns-about-canola-oil/,1
is canola oil bad,https://www.healthline.com/nutrition/is-canola-oil-healthy,2
is canola oil bad,https://www.eatingwell.com/article/7964388/is-canola-oil-healthy-what-dietitians-have-to-say/,3
is canola oil bad,https://www.today.com/health/health/is-canola-oil-toxic-rcna75056,4
is canola oil bad,https://www.medicalnewstoday.com/articles/canola,5
is canola oil bad,https://www.fuckcancer.org/canolaoilhealthrisks/,6
is canola oil bad,https://camillestyles.com/wellness/canola-oil-vs-olive-oil/,7
is canola oil bad,https://perfectketo.com/canola-oil/,8
is canola oil bad,https://www.zeroacre.com/blog/is-canola-oil-bad,9
protein foods list for weight loss,https://www.medicalnewstoday.com/articles/321522,1
protein foods list for weight loss,https://www.dietdoctor.com/high-protein/foods,2
protein foods list for weight loss,https://www.insider.com/best-high-protein-foods-for-weight-loss-2019-2,3
protein foods list for weight loss,https://www.menshealth.com/nutrition/g39750553/protein-food-for-weight-loss/,4
protein foods list for weight loss,https://www.eatthis.com/high-protein-foods-shrink-belly-fat/,5
protein foods list for weight loss,https://perfectketo.com/high-protein-foods-for-weight-loss/,6
protein foods list for weight loss,https://fitelo.co/high-protein-foods-for-weight-loss/,7
protein foods list for weight loss,https://www.garagegymreviews.com/high-protein-foods-list-for-weight-loss,8
protein foods list for weight loss,https://loseweightbyeating.com/low-calorie-high-protein-foods/,9
constipated on keto,https://www.healthline.com/health/diet-and-weight-loss/keto-and-constipation,1
constipated on keto,https://www.doctorkiltz.com/keto-constipation/,2
constipated on keto,https://www.dietdoctor.com/low-carb/side-effects/constipation,3
constipated on keto,https://www.medicalnewstoday.com/articles/327040,4
constipated on keto,https://www.everydayhealth.com/ketogenic-diet/diet/keto-constipation-diarrhea-why-it-happens-how-deal/,5
constipated on keto,https://perfectketo.com/keto-constipation/,6
constipated on keto,https://draxe.com/nutrition/keto-diet-constipation/,7
constipated on keto,https://naturalforce.com/blogs/nutrition/keto-constipation-cures,8
constipated on keto,https://www.ketoconnect.net/keto-constipation/,9
constipated on keto,https://www.ketoconnect.net/keto-constipation/,1
constipated on keto,https://www.news24.com/health24/medical/constipation/constipation-and-diet/constipation-on-the-keto-diet-heres-what-you-should-do-20181210,2
constipated on keto,https://www.ketovale.com/constipation-on-keto/,3
constipated on keto,https://www.youtube.com/watch?v=iF2DWdBMtLc,4
constipated on keto,https://wellversed.in/blogs/articles/keto-diet-and-constipation,5
constipated on keto,https://ketodietapp.com/Blog/lchf/how-to-deal-with-constipation-on-low-carb-and-keto-diets,6
constipated on keto,https://www.verywellfit.com/how-to-ease-constipation-on-a-low-carb-diet-2242092,7
constipated on keto,https://www.shape.com/healthy-eating/diet-tips/keto-diet-constipation-prevention-treatment,8
constipated on keto,https://www.womenshealthmag.com/weight-loss/a26812208/keto-diet-constipation/,9
constipated on keto,https://www.menshealth.com/nutrition/a27130595/normal-poop-changes-keto-diet/,10
carnivore diet,https://www.healthline.com/nutrition/carnivore-diet,1
carnivore diet,https://www.everydayhealth.com/diet-nutrition/diet/carnivore-diet-benefits-risks-food-list-more/,2
carnivore diet,https://health.clevelandclinic.org/the-carnivore-diet/,3
carnivore diet,https://en.wikipedia.org/wiki/Carnivore_diet,4
carnivore diet,https://carnivore.diet/,5
carnivore diet,https://www.forbes.com/health/body/what-is-the-carnivore-diet/,6
carnivore diet,https://primehealthdenver.com/carnivore-diet/,7
carnivore diet,https://www.sciencefocus.com/news/carnivore-diet-health-impact/,8
carnivore diet,https://www.thecarnivoredietcoach.com/what-is-carnivore.html,9
carnivore diet,https://www.thecarnivoredietcoach.com/what-is-carnivore.html,1
carnivore diet,https://www.diabetes.co.uk/diet/carnivore-diet.html,2
carnivore diet,https://www.amazon.it/CARNIVORE-DIET-Complete-Carnivores-Strengthen-ebook/dp/B084CWKYNW,3
carnivore diet,https://www.amazon.com/Carnivore-Diet-Shawn-Baker/dp/162860350X,4
carnivore diet,https://www.bbcgoodfood.com/howto/guide/what-is-the-carnivore-diet,5
carnivore diet,https://health.usnews.com/wellness/food/articles/carnivore-diet-reviews-everything-you-need-to-know,6
carnivore diet,https://www.nutrisense.io/blog/what-is-the-carnivore-diet,7
carnivore diet,https://www.theguardian.com/food/2018/sep/10/my-carnivore-diet-jordan-peterson-beef,8
carnivore diet,https://www.nebraskamed.com/weight-loss/health/the-carnivore-diet-how-much-protein-should-you-really-eat,9
cornstarch keto,https://perfectketo.com/low-carb-cornstarch-substitute/,1
cornstarch keto,https://www.wholesomeyum.com/carbs-in-cornstarch/,2
cornstarch keto,https://www.tastingtable.com/941424/the-best-keto-alternatives-for-corn-starch/,3
cornstarch keto,https://izzycooking.com/carbs-in-cornstarch-and-cornstarch-substitute-for-keto-diet/,4
cornstarch keto,https://www.ketovale.com/low-carb-thickeners-and-cornstarch-substitutes/,5
cornstarch keto,https://www.ketoasap.com/low-carb-thickeners/,6
cornstarch keto,https://www.thedonutwhole.com/can-i-use-cornstarch-on-keto/,7
cornstarch keto,https://blogchef.net/keto-substitute-for-cornstarch/,1
cornstarch keto,https://www.sosimpleideas.com/web-stories/low-carb-substitutes-for-cornstarch/,2
cornstarch keto,https://www.youtube.com/watch?v=r8Cy_I15yGs,3
cornstarch keto,https://www.mentalfoodchain.com/cornstarch-substitutes/,4
cornstarch keto,https://www.ketoaholics.com/low-carb-cornstarch-substitute/,5
cornstarch keto,https://carmelapop.com/is-cornstarch-keto/,6
cornstarch keto,https://www.dietdoctor.com/low-carb/recipes/how-to-thicken-keto-and-low-carb-gravies-sauces-and-soups,7
cornstarch keto,https://www.mysweetketo.com/cornstarch-substitutes-keto/,8
intermittent fasting ketosis,https://www.health.harvard.edu/heart-health/time-to-try-intermittent-fasting,1
intermittent fasting ketosis,https://lifeapps.io/fasting/the-5-stages-of-intermittent-fasting/,2
intermittent fasting ketosis,https://www.everydayhealth.com/ketogenic-diet/intermittent-fasting-keto-how-it-works-benefits-risks-more/,3
intermittent fasting ketosis,https://perfectketo.com/16-8-intermittent-fasting-ketosis/,4
intermittent fasting ketosis,https://www.healthline.com/nutrition/7-tips-to-get-into-ketosis,5
intermittent fasting ketosis,https://www.news-medical.net/news/20230131/Health-impact-of-a-combination-of-intermittent-fasting-and-ketogenic-diet.aspx,6
intermittent fasting ketosis,https://www.mentalfoodchain.com/intermittent-fasting-with-ketosis/,7
intermittent fasting ketosis,https://www.medicalnewstoday.com/articles/324599,1
intermittent fasting ketosis,https://health.ucdavis.edu/news/headlines/intermittent-fasting-balanced-or-a-keto-diet-food-for-thought/2023/03,2
intermittent fasting ketosis,https://www.wefast.care/articles/fasting-ketosis,3
intermittent fasting ketosis,https://charliefoundation.org/diet-plans/intermittent-fasting/,4
intermittent fasting ketosis,https://2mealday.com/article/intermittent-fasting-vs-keto-which-is-better/,5
intermittent fasting ketosis,https://www.quora.com/Do-you-get-into-ketosis-when-doing-intermittent-fasting,6
intermittent fasting ketosis,https://www.atkins.com/how-it-works/blog/the-facts-behind-intermittent-fasting,7
intermittent fasting ketosis,https://drinkkenetik.com/blogs/ketone-benefits/how-to-use-intermittent-fasting-keto-exercise-to-get-into-ketosis,8
intermittent fasting ketosis,https://www.businessinsider.com/fasting-diet-ketosis-brain-body-effects-2017-12,9
intermittent fasting ketosis,https://bigthink.com/health/keto-diet-and-intermittent-fasting/,10
is splenda keto,https://www.splenda.com/blog/top-4-keto-sweeteners-to-use-instead-of-sugar/,1
is splenda keto,https://perfectketo.com/splenda-keto/,2
is splenda keto,https://www.ketoconnect.net/is-splenda-keto/,3
is splenda keto,https://sureketo.com/is-it-keto/splenda-granulated-sweetener,4
is splenda keto,https://www.healthline.com/nutrition/keto-sweeteners,5
is splenda keto,https://konsciousketo.com/blogs/keto/is-splenda-keto,6
is splenda keto,https://www.mysweetketo.com/sucralose-can-you-use-splenda-on-the-ketogenic-diet/,7
is splenda keto,https://www.carbmanager.com/article/xtqe4beaaciaci7a/best-keto-friendly-sweeteners/,8
is splenda keto,https://planketogenic.pro/en/blog/stevia-vs-splenda-keto,9
is splenda keto,https://forketolife.com/is-splenda-keto-friendly/,1
is splenda keto,https://www.youtube.com/watch?v=cY6EVoD7vrM,2
is splenda keto,https://www.amazon.ca/SPLENDA-Keto-Granulated-Sweetener-540g/dp/B08RLKCH82,3
is splenda keto,https://www.wholesomeyum.com/is-sucralose-keto/,4
is splenda keto,https://www.mentalfoodchain.com/sucralose-bad-on-keto/,5
is splenda keto,https://www.quora.com/How-does-Splenda-affect-a-low-carb-diet,6
is splenda keto,https://healthinsider.news/sucralose-keto-diet-en/,7
is splenda keto,https://isitketo.org/splenda,8
is splenda keto,https://www.ruled.me/keto-diet-plan-best-and-worst-sweeteners/,9
vegan keto recipes,https://nutriciously.com/vegan-keto-recipes/,1
vegan keto recipes,https://www.staceyhomemaker.com/vegan-keto-recipes/,2
vegan keto recipes,https://www.delish.com/cooking/g4837/vegan-keto-recipes/,3
vegan keto recipes,https://www.womenshealthmag.com/weight-loss/g28942069/vegetarian-keto-recipes/,4
vegan keto recipes,https://www.lowcarbspark.com/best-vegan-keto-recipes/,5
vegan keto recipes,https://realbalanced.com/recipe-round-up/50-vegan-keto-recipes/,6
vegan keto recipes,https://ketovegetarianrecipes.com/,7
vegan keto recipes,https://www.youtube.com/watch?v=xhRtijOgFlY,8
vegan keto recipes,https://hurrythefoodup.com/vegetarian-keto-recipes/,9
vegan keto recipes,https://moonandspoonandyum.com/vegan-keto-meals/,1
vegan keto recipes,https://perfectketo.com/vegan-keto-recipes/,2
vegan keto recipes,https://insanelygoodrecipes.com/vegetarian-keto-recipes/,3
vegan keto recipes,https://livesozy.com/blogs/live-sozy/vegan-keto-recipes,4
vegan keto recipes,https://www.ruled.me/25-vegetarian-keto-recipes/,5
vegan keto recipes,https://www.youtube.com/watch?v=xhRtijOgFlY,6
vegan keto recipes,https://www.youtube.com/watch?v=eFb3hAK31Qg,7
vegan keto recipes,https://parade.com/1173604/kavitharamaswamy/vegan-and-keto-diet-recipes/,8
vegan keto recipes,https://www.wholesomeyum.com/diet/vegetarian/,9
vegan keto recipes,https://holycowvegan.net/vegan-low-carb-keto-chili/,10
is crystal light bad for you,https://www.livestrong.com/article/309079-the-pros-cons-of-crystal-light-drink/,1
is crystal light bad for you,https://foodfornet.com/crystal-light-good-you/,2
is crystal light bad for you,https://www.wideopencountry.com/crystal-light/,3
is crystal light bad for you,https://www.healthdigest.com/334097/crystal-light-is-it-bad-for-you/,4
is crystal light bad for you,https://www.thedonutwhole.com/is-crystal-light-sugar-free-good-for-you/,5
is crystal light bad for you,https://www.isitbadforyou.com/questions/is-crystal-light-bad-for-you,6
is crystal light bad for you,https://www.ozmo.io/does-crystal-light-affect-hydration/,7
is crystal light bad for you,https://perfectketo.com/crystal-light-keto-friendly/,8
is crystal light bad for you,http://thenakedlabel.com/blog/2014/03/31/crystal-light/,9
is crystal light bad for you,https://lifefalcon.com/is-crystal-light-bad-for-you/,1
is crystal light bad for you,https://www.hrtw.org/crystal-light-weight-loss/,2
is crystal light bad for you,https://kineticosa.com/blog/powdered-drinks-bad/,3
is crystal light bad for you,https://soreyfitness.com/nutrition/is-crystal-light-bad-for-you/,4
is crystal light bad for you,https://sodapopcraft.com/crystal-light-alternative-without-aspartame/,5
is crystal light bad for you,https://healthfully.com/crystal-light-bad-you-5169188.html,6
is crystal light bad for you,https://www.reddit.com/r/EatCheapAndHealthy/comments/7yogi4/is_crystal_light_an_okay_substitute_for_water/,7
is crystal light bad for you,https://www.quora.com/Does-it-still-count-as-water-if-I-put-crystal-light-in-it,8
is crystal light bad for you,https://www.youtube.com/watch?v=mnWbOv7fEm4,9
is peanut oil healthy,https://www.healthline.com/nutrition/is-peanut-oil-healthy,1
is peanut oil healthy,https://www.webmd.com/diet/peanut-oil-health-benefits,2
is peanut oil healthy,https://www.mindbodygreen.com/articles/is-peanut-oil-healthy,3
is peanut oil healthy,https://www.medicinenet.com/is_peanut_oil_healthy_the_surprising_truth/article.htm,4
is peanut oil healthy,https://www.medicalnewstoday.com/articles/peanut-oil,5
is peanut oil healthy,https://draxe.com/nutrition/peanut-oil/,6
is peanut oil healthy,https://www.nayeshamills.com/blogs/news/is-peanut-oil-healthy-or-unhealthy,7
is peanut oil healthy,https://brightland.co/blogs/field-notes/olive-oil-vs-peanut-oil,8
is peanut oil healthy,https://www.quora.com/Why-is-peanut-oil-considered-bad,9
is peanut oil healthy,https://bnborganics.com/blogs/news/is-peanut-oil-healthy-the-surprising-truth,1
is peanut oil healthy,https://time.com/5342337/best-worst-cooking-oils-for-your-health/,2
is peanut oil healthy,https://timesofindia.indiatimes.com/life-style/food-news/is-peanut-oil-heart-friendly-heres-the-truth/photostory/90213495.cms,3
is peanut oil healthy,https://www.healthshots.com/healthy-eating/nutrition/8-health-benefits-of-peanut-oil/,4
is peanut oil healthy,https://bebodywise.com/blog/groundnut-oil-benefits/,5
is peanut oil healthy,https://perfectketo.com/is-peanut-oil-healthy/,6
is peanut oil healthy,https://www.lybrate.com/topic/benefits-of-peanut-oil-and-its-side-effects,7
is peanut oil healthy,https://extension.okstate.edu/fact-sheets/why-peanut-oil-is-good-for-frying-food.html,8
is peanut oil healthy,https://www.filtrox.com/blog/2021/12/22/canola-oil-vs-peanut-oil/,9
high protein foods for weight loss,https://www.medicalnewstoday.com/articles/321522,1
high protein foods for weight loss,https://www.dietdoctor.com/high-protein/foods,2
high protein foods for weight loss,https://www.menshealth.com/nutrition/g39750553/protein-food-for-weight-loss/,3
high protein foods for weight loss,https://www.insider.com/best-high-protein-foods-for-weight-loss-2019-2,4
high protein foods for weight loss,https://www.eatingwell.com/article/2053490/high-protein-flat-belly-diet-meal-plan/,5
high protein foods for weight loss,https://www.healthline.com/nutrition/high-protein-foods,6
high protein foods for weight loss,https://www.eatingwell.com/article/2053490/high-protein-flat-belly-diet-meal-plan/,1
high protein foods for weight loss,https://community.jennycraig.com/healthy-habits-blog/eat-well/high-protein-foods-for-weight-loss/,2
high protein foods for weight loss,https://www.verywellfit.com/is-a-high-protein-diet-best-for-weight-loss-3495768,3
high protein foods for weight loss,https://www.redbookmag.com/body/healthy-eating/g3262/high-protein-foods/,4
high protein foods for weight loss,https://www.weightwatchers.com/us/blog/food/high-protein-foods,5
high protein foods for weight loss,https://www.garagegymreviews.com/high-protein-foods-list-for-weight-loss,6
high protein foods for weight loss,https://loseweightbyeating.com/low-calorie-high-protein-foods/,7
high protein foods for weight loss,https://www.youtube.com/watch?v=0b3BJS0wmpY,8
high protein foods for weight loss,https://www.tiktok.com/@nutrifitbyari/video/7098779597973507371?lang=en,9
how to drink ketones to lose weight,https://perfectketo.com/ketone-drinks/,1
how to drink ketones to lose weight,https://healthnews.com/nutrition/weight-management/ketone-drinks-should-you-take-them/,2
how to drink ketones to lose weight,https://www.healthifyme.com/blog/ketone-drinks-in-keto-diet/,3
how to drink ketones to lose weight,https://mocktail.net/ketones-drink-mix/,4
how to drink ketones to lose weight,https://www.healthline.com/nutrition/exogenous-ketones,5
how to drink ketones to lose weight,https://www.medicinenet.com/is_it_safe_to_drink_ketones/article.htm,6
how to drink ketones to lose weight,https://fitmomjourney.com/how-to-use-exogenous-ketone-supplement-weight-loss/,7
how to drink ketones to lose weight,https://www.zest-life.co.uk/do-ketone-drinks-help-you-lose-weight/,8
how to drink ketones to lose weight,https://www.pruvitnow.com/product/challenge-pack/,1
how to drink ketones to lose weight,https://cornerstonenaturopathic.ca/are-ketone-drinks-really-that-great/,2
how to drink ketones to lose weight,https://www.verywellfit.com/ketones-drinks-for-followers-of-the-popular-keto-diet-5070068,3
how to drink ketones to lose weight,https://www.dietdoctor.com/low-carb/keto/exogenous-ketones,4
how to drink ketones to lose weight,https://www.youtube.com/watch?v=Sj7-kFn4WX4,5
how to drink ketones to lose weight,https://www.insider.com/ketone-ester-drinks-claim-ketosis-without-keto-diet-2021-8,6
how to drink ketones to lose weight,https://www.medicalnewstoday.com/articles/326607,7
how to drink ketones to lose weight,https://www.prevention.com/weight-loss/diets/a22617104/exogenous-ketone-supplements-weight-loss/,8
how to drink ketones to lose weight,https://www.facebook.com/theketodad/videos/will-drinking-ketones-help-me-loose-weight-great-question/643555413199488/,9
how to drink ketones to lose weight,https://www.amazon.com/ketones-drink/s?k=ketones+drink,10
keto poop,https://www.menshealth.com/nutrition/a27130595/normal-poop-changes-keto-diet/,1
keto poop,https://perfectketo.com/keto-poop/,2
keto poop,https://wodtools.com/keto-poop/,3
keto poop,https://www.everydayhealth.com/ketogenic-diet/diet/keto-constipation-diarrhea-why-it-happens-how-deal/,4
keto poop,https://www.doctorkiltz.com/keto-constipation/,5
keto poop,https://www.wellandgood.com/why-keto-diarrhea-happens/,6
keto poop,https://hip2keto.com/tips/keto-poop/,7
keto poop,https://www.health.com/condition/digestive-health/keto-diet-constipation,8
keto poop,https://www.womenshealthmag.com/weight-loss/a19642999/signs-of-ketosis-and-ketosis-symptoms/,9
keto poop,https://www.quora.com/I-am-pooping-way-less-and-way-less-often-during-keto-I-poop-once-every-two-days-and-it-amounts-to-about-an-8th-of-what-I-ate-in-the-past-2-days-Can-someone-help,10
keto poop,https://www.livestrong.com/article/543434-light-colored-stools-low-carb-diets/,1
keto poop,https://www.youtube.com/watch?v=4GIAf80ZYKo,2
keto poop,https://www.virtahealth.com/faq/fix-diarrhea-keto,3
keto poop,https://www.healthline.com/nutrition/10-signs-and-symptoms-of-ketosis,4
keto poop,https://www.amazon.com/Poop-Like-Champion%C2%AE-Highest-servings/dp/B08BRQGFH3,5
keto poop,https://dirtylazyketo.com/keto-diarrhea-keto-constipation-keto-poop-i-give-a-crap/,6
keto poop,https://www.medicalnewstoday.com/articles/keto-diarrhea,7
keto poop,https://www.dietdoctor.com/low-carb/side-effects/constipation,8
keto poop,https://www.quora.com/I-am-pooping-way-less-and-way-less-often-during-keto-I-poop-once-every-two-days-and-it-amounts-to-about-an-8th-of-what-I-ate-in-the-past-2-days-Can-someone-help,9
keto poop,https://www.verywellhealth.com/green-stool-meaning-89207,10
is popcorn keto,https://www.menshealth.com/nutrition/a35277473/is-popcorn-keto/,1
is popcorn keto,https://www.goodhousekeeping.com/health/diet-nutrition/a38582618/is-popcorn-keto/,2
is popcorn keto,https://www.womenshealthmag.com/weight-loss/a38121617/is-popcorn-keto/,3
is popcorn keto,https://perfectketo.com/is-popcorn-keto-friendly/,4
is popcorn keto,https://parade.com/1388060/stephanieosmanski/is-popcorn-keto/,5
is popcorn keto,https://www.healthline.com/nutrition/is-popcorn-keto,6
is popcorn keto,https://izzycooking.com/is-popcorn-keto-and-carbs-in-popcorn/,7
is popcorn keto,https://greatist.com/health/can-i-eat-popcorn-on-keto,8
is popcorn keto,https://chomps.com/blogs/nutrition-sustainability-news/is-popcorn-keto,1
is popcorn keto,https://www.health.com/diets/keto-diet/is-popcorn-keto,2
is popcorn keto,https://wellversed.in/blogs/articles/https-www-ketofy-in-can-you-eat-popcorn-on-a-keto-diet,3
is popcorn keto,https://www.wholesomeyum.com/keto-popcorn/,4
is popcorn keto,https://www.ruled.me/keto-popcorn/,5
is popcorn keto,https://americasfavoritepopcorn.com/blogs/all-blogs/is-popcorn-keto-friendly,6
is popcorn keto,https://shumwaypopcorn.com/2021/05/is-popcorn-keto-everything-you-need-to-know/,7
is popcorn keto,https://www.popcornforthepeople.com/blogs/blog/is-popcorn-keto-friendly,8
is popcorn keto,https://ketologic.com/blogs/articles/carbs-in-popcorn,9
is popcorn keto,https://wellness52.com/is-popcorn-keto/,10
crystal light keto,https://perfectketo.com/crystal-light-keto-friendly/,1
crystal light keto,https://www.theartofketo.com/is-crystal-light-keto-friendly/,2
crystal light keto,https://nobunplease.com/is-crystal-light-keto-friendly/,3
crystal light keto,https://sureketo.com/is-it-keto/crystal-light-lemonade-drink-mix,4
crystal light keto,https://www.quora.com/Im-on-the-keto-diet-but-I-hate-plain-water-all-crystal-light-and-other-calorie-free-have-aspartame-What-CAN-I-DRINK,5
crystal light keto,https://www.ketoaholics.com/is-crystal-light-keto-friendly/,6
crystal light keto,https://ketofoodist.com/?s=crystal+light,7
crystal light keto,https://isitketo.org/crystal-light-drink-mix-pink-lemonade,8
crystal light keto,https://ketoandeat.com/is-crystal-light-keto/,9
crystal light keto,https://www.thisiswhyimfit.com/is-crystal-light-keto-compatible/,10
keto diet plan free pdf,https://zoneperfect.com/static/pdf/Keto_Meal_Plan.pdf,1
keto diet plan free pdf,https://www.changeinseconds.com/7-day-keto-diet-meal-plan-for-beginners/,2
keto diet plan free pdf,https://www.ketovale.com/wp-content/uploads/2018/01/21-Day-Keto-Weight-Loss-Meal-Plan-Free.pdf,3
keto diet plan free pdf,https://www.tasteaholics.com/pdf/14-day-meal-plan.pdf,4
keto diet plan free pdf,https://www.womenshealthmag.com/weight-loss/a38698564/keto-diet-plan-food-list-pdf/,5
keto diet plan free pdf,https://www.perfectketo.com/wp-content/uploads/2018/03/01_7-Day-Keto-Meal-Plan-Under-1600-Daily-Calories.pdf,6
keto diet plan free pdf,https://www.moatfield.co.uk/media/content/files/Low%20carb%20diet%20plan.pdf,7
keto diet plan free pdf,https://balancewomenshealth.com/wp-content/uploads/2020/04/A-Low-Carb-Diet-Meal-Plan-and-Menu-That-Can-Save-Your-Life-1.pdf,8
keto diet plan free pdf,https://www.lowcarbspark.com/wp-content/uploads/2018/03/Complete-Keto-Diet-Beginner-Guide-Everything-you-need-to-know-about-the-ketogenic-diet.pdf,9
keto diet plan free pdf,https://www.thisiswhyimfit.com/7-day-keto-diet-plan-free-pdf/,10
low carb cereal,https://www.healthline.com/health/best-low-carb-cereal-brands,1
low carb cereal,https://www.popsugar.com/fitness/Dietitian-Recommended-Low-Carb-Cereals-46468515,2
low carb cereal,https://perfectketo.com/best-low-carb-cereal/,3
low carb cereal,https://www.amazon.com/Low-Carb-Cereal/s?k=Low+Carb+Cereal,4
low carb cereal,https://uk.news.yahoo.com/11-best-low-carb-cereals-225547847.html,5
low carb cereal,https://www.medicalnewstoday.com/articles/best-low-carb-cereal,6
low carb cereal,https://www.livestrong.com/article/329430-list-of-low-carb-cereals/,7
low carb cereal,https://www.womenshealthmag.com/food/g27185333/low-carb-cereals/,8
low carb cereal,https://www.lowcarbemporium.com.au/collections/breakfast,9
targeted ketogenic diet,https://www.ruled.me/targeted-ketogenic-diet-indepth-look/,1
targeted ketogenic diet,https://perfectketo.com/targeted-ketogenic-diet/,2
targeted ketogenic diet,https://naplesvitality.com/all/keto-faqs-what-is-a-targeted-ketogenic-diet/,3
targeted ketogenic diet,https://ketogenic.com/targeted-ketogenic-diet/,4
targeted ketogenic diet,https://ketogenicbuddies.com/targeted-ketogenic-diet/,5
targeted ketogenic diet,https://www.bulletproof.com/diet/keto/targeted-ketogenic-diet/,6
targeted ketogenic diet,https://planketogenic.pro/en/keto-diet-plans/targeted-keto,7
targeted ketogenic diet,https://www.menshealth.com/nutrition/a25584334/targeted-keto-diet/,8
targeted ketogenic diet,https://www.transparentlabs.com/blogs/all/targeted-vs-cyclical-ketogenic-diet,9
targeted ketogenic diet,https://www.bodybuilding.com/fun/sclark86.htm,10
targeted ketogenic diet,https://www.bodybuilding.com/fun/sclark86.htm,1
targeted ketogenic diet,https://www.amazon.it/Target-Keto-Targeted-Ketogenic-Performance/dp/1539344878,2
targeted ketogenic diet,https://www.carbmanager.com/article/xtqaeheaacmachsv/different-types-of-ketogenic-diet,3
targeted ketogenic diet,https://www.hsnstore.eu/blog/nutrition/diets/ketogenic/tkd/,4
targeted ketogenic diet,https://www.amazon.com/Target-Keto-Targeted-Ketogenic-Performance/dp/1539344878,5
targeted ketogenic diet,https://medium.com/@joyyamut/what-is-the-targeted-ketogenic-diet-and-how-do-you-get-started-ae0863f1bef8,6
targeted ketogenic diet,https://ketologic.com/blogs/articles/ketogenic-diet-types-of-keto-diets,7
targeted ketogenic diet,https://www.ketoshop.com/products/phosphapump-tkd,8
targeted ketogenic diet,https://www.dietsensor.com/blog/what-is-a-targeted-ketogenic-diet/,9
targeted ketogenic diet,https://www.audible.com/pd/Target-Keto-Audiobook/B01KGJ2RSM,10
keto cloud bread,https://www.wholesomeyum.com/recipes/4-ingredient-mascarpone-cloud-bread-low-carb-gluten-free/,1
keto cloud bread,https://www.aspicyperspective.com/best-cloud-bread-recipe/,2
keto cloud bread,https://lowcarbyum.com/egg-fast-cloud-bread-oopsie-rolls/,3
keto cloud bread,https://mindovermunch.com/recipes/no-carb-cloud-bread-recipe/,4
keto cloud bread,https://www.easyanddelish.com/keto-cloud-bread/,5
keto cloud bread,https://www.sugarfreemom.com/recipes/low-carb-cloud-bread-loaf/,6
keto cloud bread,https://www.delish.com/cooking/recipe-ideas/a24749186/cloud-oopsie-bread-recipe/,7
keto cloud bread,https://www.taste.com.au/recipes/keto-cloud-bread/xab0ji7j,8
keto cloud bread,https://www.newworld.co.nz/recipes/sandwiches-and-wraps/keto-cloud-bread,1
keto cloud bread,https://perfectketo.com/low-carb-cloud-bread/,2
keto cloud bread,https://www.bbcgoodfood.com/recipes/cloud-bread,3
keto cloud bread,https://www.pinterest.com/mopeayeni/cloud-bread/,4
keto cloud bread,https://ketocookingchristian.com/cloud-bread/,5
keto cloud bread,https://thebigmansworld.com/keto-cloud-bread/,6
keto cloud bread,https://kicking-carbs.com/cloud-bread/,7
keto cloud bread,https://healthyrecipesblogs.com/oopsie-rolls/,8
keto cloud bread,https://wellness52.com/3-ingredient-keto-cloud-bread-recipe/,9
keto cloud bread,https://stepawayfromthecarbs.com/what-is-cloud-bread/,10
best nut butter for keto,https://perfectketo.com/healthiest-nut-butters/,1
best nut butter for keto,https://michaelkummer.com/health/best-keto-nut-butters/,2
best nut butter for keto,https://www.mysweetketo.com/6-best-nut-and-seed-butters-for-keto/,3
best nut butter for keto,https://drdavinahseats.com/best-low-carb-keto-nut-butter,4
best nut butter for keto,https://www.americandreamnutbutter.com/blogs/for-the-love-of-butter/10-scrumptious-keto-friendly-snacks-you-can-make-with-our-nut-butter,5
best nut butter for keto,https://www.ketovale.com/healthy-nut-butters/,6
best nut butter for keto,https://forgetsugarfriday.com/keto-nut-butter/,7
best nut butter for keto,https://www.amazon.com/perfect-keto-nut-butter/s?k=perfect+keto+nut+butter,8
best nut butter for keto,https://palm.southbeachdiet.com/nut-butters-for-your-keto-friendly-pantry/,9
keto shopping list,https://www.wholesomeyum.com/keto-shopping-list/,1
keto shopping list,https://www.ketoconnect.net/keto-diet-shopping-list/,2
keto shopping list,https://kaseytrenum.com/keto-grocery-list/,3
keto shopping list,https://theketoqueens.com/beginner-keto-grocery-list/,4
keto shopping list,https://www.today.com/health/diet-fitness/keto-grocery-list-rcna14590,5
keto shopping list,https://www.healthline.com/health/food-nutrition/keto-shopping-list,6
keto shopping list,https://www.womenshealthmag.com/weight-loss/a23494478/keto-diet-grocery-list/,7
keto shopping list,https://perfectketo.com/ketogenic-diet-grocery-list/,8
keto shopping list,https://www.kevinsnaturalfoods.com/blogs/blog/ultimate-keto-grocery-list-for-beginners,9
keto shopping list,https://www.dietdoctor.com/low-carb/keto/foods/list,1
keto shopping list,https://ketologic.com/blogs/articles/keto-diet-shopping-list,2
keto shopping list,https://www.kevinsnaturalfoods.com/blogs/blog/ultimate-keto-grocery-list-for-beginners,3
keto shopping list,https://www.lowcarb-nocarb.com/keto-grocery-list/,4
keto shopping list,https://www.purition.co.uk/blogs/articles/low-carb-shopping-list-beginners,5
keto shopping list,https://www.ruled.me/faq/sample-keto-shopping-list/,6
keto shopping list,https://lowcarbyum.com/keto-grocery-list/,7
keto shopping list,https://www.groovyketo.co.uk/blogs/keto-articles/keto-shopping-list-for-beginners-the-ultimate-guide,8
keto shopping list,https://40aprons.com/keto-shopping-list/,9
keto shopping list,https://www.wholefoodsmarket.com/special-diets/keto/how-to-build-a-keto-friendly-grocery-list,10
keto tips,https://www.wholesomeyum.com/keto-diet-tips-for-beginners/,1
keto tips,https://www.ruled.me/the-10-best-tips-for-keto-diet-success/,2
keto tips,https://perfectketo.com/keto-diet-tips/,3
keto tips,https://www.healthline.com/nutrition/7-tips-to-get-into-ketosis,4
keto tips,https://www.carbmanager.com/article/xy1v_baaacmarg2t/30-top-secret-keto-diet-hacks-to-save-time-and-supercharge,5
keto tips,https://lowcarbyum.com/low-carb-diet-tips/,6
keto tips,https://drjockers.com/10-critical-ketogenic-diet-tips/,7
keto tips,https://twosleevers.com/blog/keto-tips/,8
high-protein foods list for weight loss,https://www.dietdoctor.com/high-protein/foods,1
high-protein foods list for weight loss,https://www.menshealth.com/nutrition/g39750553/protein-food-for-weight-loss/,2
high-protein foods list for weight loss,https://www.webmd.com/diet/guide/high-protein-diet-weight-loss,3
high-protein foods list for weight loss,https://www.insider.com/best-high-protein-foods-for-weight-loss-2019-2,4
high-protein foods list for weight loss,https://www.eatingwell.com/article/7938628/high-protein-foods-list-according-to-a-dietitian/,5
high-protein foods list for weight loss,https://loseweightbyeating.com/low-calorie-high-protein-foods/,6
high-protein foods list for weight loss,https://www.healthline.com/nutrition/high-protein-foods,7
high-protein foods list for weight loss,https://perfectketo.com/high-protein-foods-for-weight-loss/,1
high-protein foods list for weight loss,https://community.jennycraig.com/healthy-habits-blog/eat-well/high-protein-foods-for-weight-loss/,2
high-protein foods list for weight loss,https://www.eatthis.com/high-protein-foods-shrink-belly-fat/,3
high-protein foods list for weight loss,https://www.garagegymreviews.com/high-protein-foods-list-for-weight-loss,4
high-protein foods list for weight loss,https://www.redbookmag.com/body/healthy-eating/g3262/high-protein-foods/,5
high-protein foods list for weight loss,https://fitelo.co/high-protein-foods-for-weight-loss/,6
high-protein foods list for weight loss,https://thedaily9.in/post/high-protein-indian-food-chart-for-weight-loss/,7
high-protein foods list for weight loss,https://www.weightwatchers.com/us/blog/food/high-protein-foods,8
high-protein foods list for weight loss,https://8fit.com/nutrition/high-protein-low-carb-foods-lists-for-weight-loss/,9
high-protein foods list for weight loss,https://www.bbcgoodfood.com/howto/guide/spotlight-high-protein-diets,10
