best nut butter for keto,https://perfectketo.com/healthiest-nut-butters/,1
best nut butter for keto,https://michaelkummer.com/health/best-keto-nut-butters/,2
best nut butter for keto,https://www.mysweetketo.com/6-best-nut-and-seed-butters-for-keto/,3
best nut butter for keto,https://drdavinahseats.com/best-low-carb-keto-nut-butter,4
best nut butter for keto,https://www.americandreamnutbutter.com/blogs/for-the-love-of-butter/10-scrumptious-keto-friendly-snacks-you-can-make-with-our-nut-butter,5
best nut butter for keto,https://www.ketovale.com/healthy-nut-butters/,6
best nut butter for keto,https://forgetsugarfriday.com/keto-nut-butter/,7
best nut butter for keto,https://www.amazon.com/perfect-keto-nut-butter/s?k=perfect+keto+nut+butter,8
best nut butter for keto,https://palm.southbeachdiet.com/nut-butters-for-your-keto-friendly-pantry/,9
keto shopping list,https://www.wholesomeyum.com/keto-shopping-list/,1
keto shopping list,https://www.ketoconnect.net/keto-diet-shopping-list/,2
keto shopping list,https://kaseytrenum.com/keto-grocery-list/,3
keto shopping list,https://theketoqueens.com/beginner-keto-grocery-list/,4
keto shopping list,https://www.today.com/health/diet-fitness/keto-grocery-list-rcna14590,5
keto shopping list,https://www.healthline.com/health/food-nutrition/keto-shopping-list,6
keto shopping list,https://www.womenshealthmag.com/weight-loss/a23494478/keto-diet-grocery-list/,7
keto shopping list,https://perfectketo.com/ketogenic-diet-grocery-list/,8
keto shopping list,https://www.kevinsnaturalfoods.com/blogs/blog/ultimate-keto-grocery-list-for-beginners,9
keto shopping list,https://www.dietdoctor.com/low-carb/keto/foods/list,1
keto shopping list,https://ketologic.com/blogs/articles/keto-diet-shopping-list,2
keto shopping list,https://www.kevinsnaturalfoods.com/blogs/blog/ultimate-keto-grocery-list-for-beginners,3
keto shopping list,https://www.lowcarb-nocarb.com/keto-grocery-list/,4
keto shopping list,https://www.purition.co.uk/blogs/articles/low-carb-shopping-list-beginners,5
keto shopping list,https://www.ruled.me/faq/sample-keto-shopping-list/,6
keto shopping list,https://lowcarbyum.com/keto-grocery-list/,7
keto shopping list,https://www.groovyketo.co.uk/blogs/keto-articles/keto-shopping-list-for-beginners-the-ultimate-guide,8
keto shopping list,https://40aprons.com/keto-shopping-list/,9
keto shopping list,https://www.wholefoodsmarket.com/special-diets/keto/how-to-build-a-keto-friendly-grocery-list,10
keto tips,https://www.wholesomeyum.com/keto-diet-tips-for-beginners/,1
keto tips,https://www.ruled.me/the-10-best-tips-for-keto-diet-success/,2
keto tips,https://perfectketo.com/keto-diet-tips/,3
keto tips,https://www.healthline.com/nutrition/7-tips-to-get-into-ketosis,4
keto tips,https://www.carbmanager.com/article/xy1v_baaacmarg2t/30-top-secret-keto-diet-hacks-to-save-time-and-supercharge,5
keto tips,https://lowcarbyum.com/low-carb-diet-tips/,6
keto tips,https://drjockers.com/10-critical-ketogenic-diet-tips/,7
keto tips,https://twosleevers.com/blog/keto-tips/,8
high-protein foods list for weight loss,https://www.dietdoctor.com/high-protein/foods,1
high-protein foods list for weight loss,https://www.menshealth.com/nutrition/g39750553/protein-food-for-weight-loss/,2
high-protein foods list for weight loss,https://www.webmd.com/diet/guide/high-protein-diet-weight-loss,3
high-protein foods list for weight loss,https://www.insider.com/best-high-protein-foods-for-weight-loss-2019-2,4
high-protein foods list for weight loss,https://www.eatingwell.com/article/7938628/high-protein-foods-list-according-to-a-dietitian/,5
high-protein foods list for weight loss,https://loseweightbyeating.com/low-calorie-high-protein-foods/,6
high-protein foods list for weight loss,https://www.healthline.com/nutrition/high-protein-foods,7
high-protein foods list for weight loss,https://perfectketo.com/high-protein-foods-for-weight-loss/,1
high-protein foods list for weight loss,https://community.jennycraig.com/healthy-habits-blog/eat-well/high-protein-foods-for-weight-loss/,2
high-protein foods list for weight loss,https://www.eatthis.com/high-protein-foods-shrink-belly-fat/,3
high-protein foods list for weight loss,https://www.garagegymreviews.com/high-protein-foods-list-for-weight-loss,4
high-protein foods list for weight loss,https://www.redbookmag.com/body/healthy-eating/g3262/high-protein-foods/,5
high-protein foods list for weight loss,https://fitelo.co/high-protein-foods-for-weight-loss/,6
high-protein foods list for weight loss,https://thedaily9.in/post/high-protein-indian-food-chart-for-weight-loss/,7
high-protein foods list for weight loss,https://www.weightwatchers.com/us/blog/food/high-protein-foods,8
high-protein foods list for weight loss,https://8fit.com/nutrition/high-protein-low-carb-foods-lists-for-weight-loss/,9
high-protein foods list for weight loss,https://www.bbcgoodfood.com/howto/guide/spotlight-high-protein-diets,10
does keto make you poop,https://www.everydayhealth.com/ketogenic-diet/diet/keto-constipation-diarrhea-why-it-happens-how-deal/,1
does keto make you poop,https://www.menshealth.com/nutrition/a27130595/normal-poop-changes-keto-diet/,2
does keto make you poop,https://www.wellandgood.com/why-keto-diarrhea-happens/,3
does keto make you poop,https://www.health.com/condition/digestive-health/keto-diet-constipation,4
does keto make you poop,https://www.womenshealthmag.com/weight-loss/a19642999/signs-of-ketosis-and-ketosis-symptoms/,5
does keto make you poop,https://www.doctorkiltz.com/keto-constipation/,6
does keto make you poop,https://www.healthline.com/health/diet-and-weight-loss/keto-and-constipation,7
does keto make you poop,https://hip2keto.com/tips/keto-poop/,8
does keto make you poop,https://www.medicalnewstoday.com/articles/327040,9
keto 2.0,https://www.amica.it/2022/04/26/keto-2-0-dieta-chetogenica-cambia-estate/,1
keto 2.0,https://www.amazon.it/Dieta-Chetogenica-2-0-Impostando-Chetogenico-ebook/dp/B09NP8V9SW,2
keto 2.0,https://www.virtuasalute.com/alimentazione/keto-2-0-ovvero-la-dieta-chetogenica-che-ha-sbirciato-la-mediterranea.html,3
keto 2.0,https://www.dcomedieta.it/dieta-keto-2-0-ti-spiego-cose/,4
keto 2.0,https://www.facebook.com/mangiaresanolove/?locale=it_IT,5
keto 2.0,https://ultimedalweb.it/keto-2-0-app-che-ci-aiuta-a-dimagrire/,6
keto 2.0,https://www.ultimaparola.com/2022/05/15/keto-versione-dieta-flessibilita-cibo/,7
keto 2.0,https://www.lamiaketoserena.it/keto-detox-2-0/,8
keto 2.0,https://healthinsider.news/it/perche-la-nuova-dieta-keto-2-0-potrebbe-rendere-obsolete-le-tradizionali-diete-chetogeniche-keto-diet-it/,9
keto 2.0,https://shop.pentadiet.it/prodotti/ketofast-mct,10
is safflower oil healthy,https://www.healthline.com/health/safflower-oil-healthy-cooking-oil,1
is safflower oil healthy,https://www.webmd.com/diet/health-benefits-of-safflower-oil,2
is safflower oil healthy,https://perfectketo.com/safflower-oil/,3
is safflower oil healthy,https://www.livestrong.com/article/546738-the-pros-cons-of-safflower-oil/,4
is safflower oil healthy,https://www.mindbodygreen.com/articles/safflower-oil,5
is safflower oil healthy,https://draxe.com/nutrition/safflower-oil/,6
is safflower oil healthy,https://brightland.co/blogs/field-notes/safflower-oil-vs-olive-oil,7
is safflower oil healthy,https://supplements.selfdecode.com/blog/safflower-oil/,8
is safflower oil healthy,https://www.webmd.com/vitamins/ai/ingredientmono-96/safflower,1
is safflower oil healthy,https://www.centrafoods.com/blog/safflower-oil-good-or-bad,2
is safflower oil healthy,https://www.verywellfit.com/safflower-oil-nutrition-facts-and-health-benefits-4164403,3
is safflower oil healthy,https://foodforbreastcancer.com/foods/safflower-oil,4
is safflower oil healthy,https://www.lybrate.com/topic/benefits-of-safflower-oil-and-its-side-effects,5
is safflower oil healthy,https://www.rxlist.com/safflower/supplements.htm,6
is safflower oil healthy,https://www.masterclass.com/articles/what-is-safflower-oil-culinary-uses-and-benefits-of-safflower-oil-plus-quick-safflower-oil-salad-dressing-recipe,7
is safflower oil healthy,https://www.news-medical.net/health/Differences-between-Safflower-Oil-and-Conjugated-Linoleic-Acid.aspx,8
is safflower oil healthy,https://fic.osu.edu/news/news-archive/a-dose-of-safflower-oil-each-day-might-help-keep-heart-disease-at-bay.html,9
is safflower oil healthy,https://www.health.harvard.edu/staying-healthy/expand-your-healthy-cooking-oil-choices,10
mct oil keto,https://www.healthline.com/nutrition/mct-oil-benefits,1
mct oil keto,https://ketologic.com/blogs/articles/mct-oil-keto,2
mct oil keto,https://perfectketo.com/what-is-mct-oil/,3
mct oil keto,https://www.iherb.com/blog/mct-oil-keto-diet-benefits/1204,4
mct oil keto,https://www.carbmanager.com/article/xt6uibiaacmawyy7/how-to-use-mct-oil-on-keto-diet/,5
mct oil keto,https://www.webmd.com/diet/mct-oil-health-benefits-common-uses,6
mct oil keto,https://www.amazon.com/Sports-Research-Keto-Organic-Coconuts/dp/B00XM0Y9SE,7
mct oil keto,https://ketoketo.co/blogs/guides/what-is-mct-oil-and-how-does-it-work,8
mct oil keto,https://www.go-keto.com/en/academy/about-nutrition/mct-oil-in-a-ketogenic-diet-this-is-how-you-use-it-for-optimal-success/,9
mct oil keto,https://www.mygenefood.com/blog/what-is-the-best-mct-oil-for-ketosis/,10
best low carb protein powder,https://www.outlookindia.com/outlook-spotlight/20-best-low-carb-protein-powders-in-2022-news-226321,1
best low carb protein powder,https://www.discovermagazine.com/lifestyle/18-best-low-carb-protein-powders-in-2022,2
best low carb protein powder,https://www.healthline.com/nutrition/low-carb-protein-powders,3
best low carb protein powder,https://www.yourmeals.com.au/post/low-carb-protein-powder,4
best low carb protein powder,https://www.womenshealthmag.com/weight-loss/g22700213/keto-protein-powder/,5
best low carb protein powder,https://www.reviewjournal.com/bp/health/10-best-low-carb-protein-powders,6
best low carb protein powder,https://www.setforset.com/blogs/news/best-low-carb-protein-powders,7
best low carb protein powder,https://www.amazon.com/low-carb-protein-powder/s?k=low+carb+protein+powder,8
best low carb protein powder,https://www.garagegymreviews.com/best-low-carb-protein-powder,9
keto shopping list pdf,https://wholelottayum.com/printable-keto-food-list/,1
keto shopping list pdf,https://perfectketo.com/ketogenic-diet-grocery-list/,2
keto shopping list pdf,https://www.dietdoctor.com/wp-content/uploads/2017/09/Keto-Diet-Food-List-1.pdf,3
keto shopping list pdf,https://www.wholesomeyum.com/low-carb-keto-food-list/,4
keto shopping list pdf,https://ucarecdn.com/842ced0a-dfce-49c8-9275-fabd212090cc/Keto%20Walmart%20Grocery%20List.pdf,5
keto shopping list pdf,https://seekinggoodeats.com/printable-keto-food-list/,6
keto shopping list pdf,https://www.ruled.me/wp-content/uploads/ketogenic-diet-shopping-lists.pdf,7
keto shopping list pdf,https://ohsofoodie.com/keto-food-list-printable-pdf/,8
keto shopping list pdf,https://www.marksdailyapple.com/uploads/2019/05/PDF-MDA-Keto-Shopping-List.pdf,1
keto shopping list pdf,https://www.pinterest.com/pin/free-keto-diet-grocery-list-pdfs-printable-low-carb-food-lists-for-all-occasions--67694800639935729/,2
keto shopping list pdf,https://kaseytrenum.com/keto-grocery-list/,3
keto shopping list pdf,https://www.trifectanutrition.com/free-keto-shopping-list-pdf-download,4
keto shopping list pdf,https://www.womenshealthmag.com/weight-loss/a38698771/keto-diet-pdf/,5
keto shopping list pdf,https://www.etsy.com/market/printable_keto_list,6
keto shopping list pdf,https://theketominimalist.com/blog/free-printable-keto-shopping-list,7
keto shopping list pdf,https://craft-mart.com/healthy-food/ketogenic-diet-food-list-pdf/,8
mct oil vs coconut oil,https://www.medicalnewstoday.com/articles/mct-oil-vs-coconut-oil,1
mct oil vs coconut oil,https://drruscio.com/mct-oil-vs-coconut-oil/,2
mct oil vs coconut oil,https://www.medicinenet.com/mct_oil_vs_coconut_oil_whats_the_difference/article.htm,3
mct oil vs coconut oil,https://www.healthline.com/nutrition/mct-oil-vs-coconut-oil,4
mct oil vs coconut oil,https://wildlyorganic.com/blogs/recipes/is-mct-oil-the-same-as-coconut-oil,5
mct oil vs coconut oil,https://en.paleopowders.com/blogs/news/coconut-oil-or-mct-oil,6
mct oil vs coconut oil,https://naturalforce.com/blogs/nutrition/mct-oil-vs-coconut-oil,1
mct oil vs coconut oil,https://www.drberg.com/blog/mct-oil-vs-coconut-oil-the-differences,2
mct oil vs coconut oil,https://hunterandgatherfoods.com/blogs/real-food-lifestyle/mct-oil-vs-coconut-oil,3
mct oil vs coconut oil,https://citrinfoundation.org/mct-oil-vs-coconut-oil/,4
mct oil vs coconut oil,https://thecoconutmama.com/mct-oil-vs-fractionated-coconut-oil/,5
mct oil vs coconut oil,https://draxe.com/nutrition/mct-oil/,6
mct oil vs coconut oil,https://www.webmd.com/diet/mct-oil-health-benefits-common-uses,7
mct oil vs coconut oil,https://www.ecowatch.com/best-mct-oil-2641362695.html,8
mct oil vs coconut oil,https://bnborganics.com/blogs/news/mct-oil-vs-coconut-oil-whats-the-difference,9
popcorn keto,https://questoecheto.it/popcorn,1
popcorn keto,https://www.menshealth.com/nutrition/a35277473/is-popcorn-keto/,2
popcorn keto,https://www.goodhousekeeping.com/health/diet-nutrition/a38582618/is-popcorn-keto/,3
popcorn keto,https://www.freshnlean.com/blog/is-popcorn-keto/,4
popcorn keto,https://vegan.rocks/it/blog/is-popcorn-keto/,5
popcorn keto,https://perfectketo.com/is-popcorn-keto-friendly/,6
popcorn keto,https://www.womenshealthmag.com/weight-loss/a38121617/is-popcorn-keto/,7
popcorn keto,https://parade.com/1388060/stephanieosmanski/is-popcorn-keto/,8
popcorn keto,https://www.healthline.com/nutrition/is-popcorn-keto,9
keto cornstarch substitute,https://perfectketo.com/low-carb-cornstarch-substitute/,1
keto cornstarch substitute,https://www.ketovale.com/low-carb-thickeners-and-cornstarch-substitutes/,2
keto cornstarch substitute,https://www.tastingtable.com/941424/the-best-keto-alternatives-for-corn-starch/,3
keto cornstarch substitute,https://www.wholesomeyum.com/cornstarch-substitutes/,4
keto cornstarch substitute,https://izzycooking.com/carbs-in-cornstarch-and-cornstarch-substitute-for-keto-diet/,5
keto cornstarch substitute,https://blogchef.net/keto-cornstarch-substitute-for-frying/,6
keto cornstarch substitute,https://www.mentalfoodchain.com/cornstarch-substitutes/,7
keto cornstarch substitute,https://www.ketoasap.com/low-carb-thickeners/,8
keto cornstarch substitute,https://www.ketoaholics.com/low-carb-cornstarch-substitute/,9
keto cornstarch substitute,https://www.sosimpleideas.com/web-stories/low-carb-substitutes-for-cornstarch/,1
keto cornstarch substitute,https://www.mysweetketo.com/cornstarch-substitutes-keto/,2
keto cornstarch substitute,https://bestsubstitutes.com/keto-substitutes-for-corn-starch/,3
keto cornstarch substitute,https://www.carbmanager.com/article/xtqygheaaciachjm/what-is-starch-and-why-is-it-bad-for-keto,4
keto cornstarch substitute,https://www.thebigpicturemovie.com/cornstarch-substitute/,5
keto cornstarch substitute,https://www.thedonutwhole.com/can-i-use-cornstarch-on-keto/,6
keto cornstarch substitute,https://drcolbert.com/cornstarch-substitutes-keto/,7
keto cornstarch substitute,https://www.theartofketo.com/is-corn-starch-keto-friendly/,8
keto cornstarch substitute,https://www.dietdoctor.com/low-carb/recipes/how-to-thicken-keto-and-low-carb-gravies-sauces-and-soups,9
stages of fasting,https://www.healthline.com/nutrition/stages-of-fasting,1
stages of fasting,https://lifeapps.io/fasting/the-5-stages-of-intermittent-fasting/,2
stages of fasting,https://www.mindbodygreen.com/articles/stages-of-fasting,3
stages of fasting,https://dralexisshields.com/guide-to-fasting,4
stages of fasting,https://usetemper.com/learn/metabolic-step-by-step/,5
stages of fasting,https://perfectketo.com/the-5-stages-of-fasting/,6
stages of fasting,https://betterweighmedical.com/stages-of-fasting-by-the-hour,7
stages of fasting,https://kompanionapp.com/en/fasting-fat-burning-stage/,8
stages of fasting,https://dofasting.com/blog/stages-of-fasting/,9
why is canola oil bad for you,https://www.mayoclinic.org/healthy-lifestyle/nutrition-and-healthy-eating/expert-answers/canola-oil/faq-20058235,1
why is canola oil bad for you,https://www.healthline.com/nutrition/is-canola-oil-healthy,2
why is canola oil bad for you,https://www.today.com/health/health/is-canola-oil-toxic-rcna75056,3
why is canola oil bad for you,https://www.eatingwell.com/article/7964388/is-canola-oil-healthy-what-dietitians-have-to-say/,4
why is canola oil bad for you,https://www.fuckcancer.org/canolaoilhealthrisks/,5
why is canola oil bad for you,https://perfectketo.com/canola-oil/,6
why is canola oil bad for you,https://www.medicalnewstoday.com/articles/canola,7
why is canola oil bad for you,https://www.zeroacre.com/blog/is-canola-oil-bad,8
why is canola oil bad for you,https://draxe.com/nutrition/canola-oil-gm/,9
why is canola oil bad for you,https://camillestyles.com/wellness/canola-oil-vs-olive-oil/,1
why is canola oil bad for you,https://www.hellmanns.com/ca/en/is-canola-oil-bad-for-you.html,2
why is canola oil bad for you,https://pharmeasy.in/blog/ayurveda-uses-benefits-side-effects-of-canola-oil/,3
why is canola oil bad for you,https://time.com/5342337/best-worst-cooking-oils-for-your-health/,4
why is canola oil bad for you,https://www.seattletimes.com/life/wellness/canola-oil-friend-or-foe/,5
why is canola oil bad for you,https://www.webmd.com/food-recipes/canola-oil,6
why is canola oil bad for you,https://pubmed.ncbi.nlm.nih.gov/2691543/,7
why is canola oil bad for you,https://www.mindbodygreen.com/articles/canola-oil-vs-vegetable-oil,8
why is canola oil bad for you,https://www.cookingwithgreensfamily.com/blogs/news/stop-using-canola-oil,9
why is canola oil bad for you,https://www.canolacouncil.org/about-canola/oil/,10
keto food list pdf,https://wholelottayum.com/printable-keto-food-list/,1
keto food list pdf,https://www.wholesomeyum.com/low-carb-keto-food-list/,2
keto food list pdf,https://www.dietdoctor.com/wp-content/uploads/2017/09/Keto-Diet-Food-List-1.pdf,3
keto food list pdf,https://www.perfectketo.com/wp-content/uploads/2018/03/03_Full-Ketogenic-Diet-Food-List.pdf,4
keto food list pdf,https://www.ketovale.com/wp-content/uploads/2018/05/Keto-Food-List-Printable-PDF.pdf,5
keto food list pdf,https://ohsofoodie.com/keto-food-list-printable-pdf/,6
keto food list pdf,https://www.ruled.me/wp-content/uploads/ketogenic-diet-food-list.pdf,7
keto food list pdf,https://ketosizeme.com/wp-content/uploads/2015/10/Ultimate-Keto-Grocery-List.pdf,8
keto food list pdf,https://www.drberg.com/blog/ketogenic-diet-plan-food-list-cheat-sheet-pdf,9
keto food list pdf,https://www.drberg.com/blog/ketogenic-diet-plan-food-list-cheat-sheet-pdf,1
keto food list pdf,https://seekinggoodeats.com/printable-keto-food-list/,2
keto food list pdf,https://blog.kettleandfire.com/keto-diet-food-list/,3
keto food list pdf,https://www.etsy.com/market/printable_keto_diet_food_list?ref=cq_tag_bottom_text-0,4
keto food list pdf,https://www.docdroid.com/4s6epit/the-perfect-keto-food-list-pdf,5
keto food list pdf,https://craft-mart.com/healthy-food/ketogenic-diet-food-list-pdf/,6
keto food list pdf,https://ketojam.com/keto-diet-food-list/,7
keto food list pdf,http://flexibleketo.weebly.com/uploads/1/1/4/3/114350315/vegan_keto_food_list.pdf,8
keto food list pdf,https://www.womenshealthmag.com/weight-loss/a38698564/keto-diet-plan-food-list-pdf/,9
keto food list pdf,http://www.draxe.com/keto-diet-food-lists,10
is tofu keto,https://www.castironketo.net/blog/is-tofu-keto/,1
is tofu keto,https://tofubud.com/blogs/tips/is-tofu-keto,2
is tofu keto,https://izzycooking.com/is-tofu-keto-and-keto-tofu-recipes/,3
is tofu keto,https://perfectketo.com/is-tofu-keto-friendly/,4
is tofu keto,https://www.ketoasap.com/is-tofu-ketogenic-friendly/,5
is tofu keto,https://yummyketocooking.com/is-tofu-keto-friendly/,6
is tofu keto,https://www.bluetreehealthtx.com/post/keto-vegan-diet,7
is tofu keto,https://teamketo.com/blogs/articles/tofu-is-it-keto-friendly,8
keto before and after,https://www.womenshealthmag.com/weight-loss/a20687519/keto-diet-before-and-after/,1
keto before and after,https://www.pinterest.com/MyKetoFeed/keto-transformation-before-and-after/,2
keto before and after,https://www.ruled.me/health/success-stories/,3
keto before and after,https://www.menshealth.com/weight-loss/g28426108/keto-diet-before-after-transformations/,4
keto before and after,https://blog.kissmyketo.com/articles/motivation/keto-before-and-after/,5
keto before and after,https://www.thehealthy.com/weight-loss/keto-diet-before-and-after-pictures/,6
keto before and after,https://perfectketo.com/keto-success-stories/,7
keto before and after,https://www.drberg.com/drberg-keto-before-after-success-stories,8
keto before and after,https://www.youtube.com/watch?v=K9nVTeNMP50,9
keto pescatarian,https://perfectketo.com/pescatarian-keto-diet/,1
keto pescatarian,https://www.doctorkiltz.com/pescatarian-keto/,2
keto pescatarian,https://planketogenic.pro/en/keto-diet-plans/pescatarian,3
keto pescatarian,https://betterme.world/articles/keto-pescatarian/,4
keto pescatarian,https://wellness52.com/keto-pescatarian-recipes/,5
keto pescatarian,https://www.amazon.com/Pescatarian-Keto-Cookbook-Recipes-14-Day/dp/1648765033,6
keto pescatarian,https://www.brit.co/keto-pescatarian-recipes/,7
keto pescatarian,https://ketogenicbuddies.com/pescatarian-keto-meal-plan/,8
keto pescatarian,https://www.pinterest.com/pin/7-quick-pescetarian-and-vegetarian-keto-meals-i-eat-all-the-time--748019819335808616/,9
keto pescatarian,https://pescatarianketo.com/information/pescatarian-keto-food-shopping-list/,10
keto pescatarian,https://pescatarianketo.com/information/pescatarian-keto-food-shopping-list/,1
keto pescatarian,https://ketologic.com/blogs/articles/vegetarian-keto-diet,2
keto pescatarian,https://www.greenchef.com/eat/pescatarian-meal-delivery,3
keto pescatarian,https://www.instagram.com/pescatarian.keto/?hl=en,4
keto pescatarian,https://ketodietapp.com/Blog/?tag=/tagPescatarian,5
keto pescatarian,https://metro.style/wellness/nutrition/what-is-the-keto-pescatarian-diet/29321,6
keto pescatarian,https://www.youtube.com/watch?v=D7a6m26oE8E,7
keto pescatarian,https://www.walmart.com/ip/Keto-Pescatarian-40-Mouth-Watering-Simple-Easy-to-Make-Seafood-Recipes-That-High-Protein-Low-Fat-Lose-Over-15-Lbs-With-This-Bundle-Of-Pecatarian-Diet-9781802001624/155627888,8
keto pescatarian,https://www.simonandschuster.com/books/The-Pescatarian-Keto-Cookbook/Shelby-Law-Ruttan/9781648765032,9
mediterranean keto diet,https://www.carbmanager.com/article/yel2oraaaiawrknu/what-is-the-mediterranean-keto-diet,1
mediterranean keto diet,https://www.ruled.me/ketogenic-mediterranean-diet/,2
mediterranean keto diet,https://www.doctorkiltz.com/mediterranean-keto-diet/,3
mediterranean keto diet,https://perfectketo.com/mediterranean-keto-diet/,4
mediterranean keto diet,https://www.mindbodygreen.com/articles/mediterranean-keto-diet,5
mediterranean keto diet,https://www.amazon.it/Ketogenic-Mediterranean-Diet-Fresh-delicious/dp/1612436412,6
mediterranean keto diet,https://med.stanford.edu/news/all-news/2022/070/keto-mediterranean-diet-diabetes.html,7
mediterranean keto diet,https://www.thisbitchsays.com/mediterranean-keto-diet/,8
keto breakfast cereal,https://www.amazon.com/Keto-Cereal/s?k=Keto+Cereal,1
keto breakfast cereal,https://perfectketo.com/best-keto-cereal/,2
keto breakfast cereal,https://magicspoon.com/pages/keto-cereal,3
keto breakfast cereal,https://www.myketokitchen.com/keto-recipes/low-carb-cinnamon-keto-cereal/,4
keto breakfast cereal,https://www.healthline.com/health/best-low-carb-cereal-brands,5
keto breakfast cereal,https://parade.com/1074258/leighweingus/keto-breakfast-cereal/,6
keto breakfast cereal,https://eatsurreal.co.uk/blogs/news/can-you-eat-cereal-on-a-keto-diet,7
keto breakfast cereal,https://keto-mojo.com/recipes/crispy-keto-breakfast-cereal/,8
keto breakfast cereal,https://www.bulletproof.com/recipes/keto-recipes/keto-cereal-recipes-1b2b3c/,1
keto breakfast cereal,https://www.mashed.com/710149/best-keto-cereals/,2
keto breakfast cereal,https://www.womenshealthmag.com/health/g29650922/keto-cereal/,3
keto breakfast cereal,https://www.thedonutwhole.com/what-cereal-can-i-eat-on-keto-diet/,4
keto breakfast cereal,https://www.ketoconnect.net/best-keto-cereal/,5
keto breakfast cereal,https://www.delish.com/cooking/recipe-ideas/a25238263/keto-cereal-recipe/,6
keto breakfast cereal,https://www.sugarfreemom.com/recipes/low-carb-hot-breakfast-cereal-keto-gluten-free/,7
keto breakfast cereal,https://thebigmansworld.com/keto-cereal/,8
keto breakfast cereal,https://www.walmart.com/c/kp/keto-cereal,9
keto breakfast cereal,https://www.lowcarbemporium.com.au/collections/breakfast,10
keto success stories,https://www.dietdoctor.com/low-carb/success-stories,1
keto success stories,https://www.ruled.me/health/success-stories/,2
keto success stories,https://www.womenshealthmag.com/weight-loss/a20687519/keto-diet-before-and-after/,3
keto success stories,https://ketogenic.com/success-stories/,4
keto success stories,https://perfectketo.com/keto-success-stories/,5
keto success stories,https://www.thelowcarbgrocery.com/low-carb-lifestyle-blog/low-carb-success-stories/keto-diet-success-story,6
keto success stories,https://www.carbmanager.com/article/ybiptreaaceaypcv/keto-before-and-after-4-low-carb-success-stories,7
keto success stories,https://blog.kissmyketo.com/articles/motivation/keto-before-and-after/,8
keto success stories,https://www.atkins.com/success-stories,9
keto success stories,https://www.dietdoctor.com/low-carb/keto/success-stories,1
keto success stories,https://lowcarbaction.org/category/stories/,2
keto success stories,https://www.youtube.com/watch?v=F9PmycCGC14,3
keto success stories,https://www.eatingwell.com/article/290678/i-tried-the-ketogenic-diet-for-30-days-and-heres-what-happened/,4
keto success stories,https://ketodietapp.com/Blog/?tag=/tagSuccessStories,5
keto success stories,https://www.livofy.com/health/transformation-success-story-of-sumitha-keto-india-testimonials/,6
keto success stories,https://planketogenic.pro/en/blog/keto-success-stories,7
keto success stories,https://www.menshealth.com/weight-loss/g28426108/keto-diet-before-after-transformations/,8
keto success stories,https://www.pinterest.com/pin/507288345519908271/,9
keto success stories,https://www.marksdailyapple.com/ambers-keto-success-story/,10
is spaghetti squash keto,https://www.wholesomeyum.com/is-spaghetti-squash-keto/,1
is spaghetti squash keto,https://izzycooking.com/is-spaghetti-squash-keto/,2
is spaghetti squash keto,https://thecleaneatingcouple.com/keto-spaghetti-squash-recipes/,3
is spaghetti squash keto,https://www.myrecipes.com/healthy-diet/spaghetti-squash-keto,4
is spaghetti squash keto,https://www.thedonutwhole.com/can-i-eat-spaghetti-squash-on-keto/,5
is spaghetti squash keto,https://ketodietapp.com/Blog/lchf/how-to-cook-spaghetti-squash,6
is spaghetti squash keto,https://lowcarbafrica.com/tasty-spaghetti-squash-recipe/,7
is spaghetti squash keto,https://www.wholesomeyum.com/tag/spaghetti-squash/,1
is spaghetti squash keto,https://www.sweetashoney.co/keto-spaghetti-squash-casserole/,2
is spaghetti squash keto,https://www.thelittlepine.com/super-cheesy-keto-spaghetti-squash/,3
is spaghetti squash keto,https://www.fittoservegroup.com/keto-spaghetti-squash-alfredo-casserole/,4
is spaghetti squash keto,https://wecountcarbs.com/how-to-cook-spaghetti-squash/,5
is spaghetti squash keto,https://kicking-carbs.com/buffalo-chicken-spaghetti-squash/,6
is spaghetti squash keto,https://www.ibreatheimhungry.com/cheesy-spaghetti-squash-skillet-keto-low-carb/,7
is spaghetti squash keto,https://www.allrecipes.com/recipe/267861/keto-spaghetti-squash-with-bacon-and-blue-cheese/,8
is spaghetti squash keto,https://ketocookingchristian.com/parmesan-garlic-spaghetti-squash/,9
is spaghetti squash keto,https://www.youtube.com/watch?v=ogWck2UvEG4,10
macro calculator keto,https://www.ruled.me/keto-calculator/,1
macro calculator keto,https://perfectketo.com/keto-macro-calculator/,2
macro calculator keto,https://www.go-keto.com/en/academy/about-keto-diet/go-keto-calculator/,3
macro calculator keto,https://ketokarma.com/keto-calculator/,4
macro calculator keto,https://lowcarbyum.com/keto-macro-calculator/,5
macro calculator keto,https://ketogenic.com/calculator/,6
macro calculator keto,https://calculo.io/keto-calculator,7
macro calculator keto,https://mariamindbodyhealth.com/calculator/,8
macro calculator keto,https://keto-mojo.com/mymojomacros-keto-macro-calculator/,9
macro calculator keto,https://www.castironketo.net/blog/free-keto-macro-calculator/,10
macro calculator keto,https://www.castironketo.net/blog/free-keto-macro-calculator/,1
macro calculator keto,https://www.drberg.com/calculators/keto,2
macro calculator keto,https://www.sweetashoney.co/simplest-macro-calculator/,3
macro calculator keto,https://healthyeater.com/keto-diet-macros,4
macro calculator keto,https://www.wholesomeyum.com/the-best-free-low-carb-keto-macro-calculator/,5
macro calculator keto,https://ketodietapp.com/Blog/page/KetoDiet-Buddy,6
macro calculator keto,https://keto-calculator.ankerl.com/,7
macro calculator keto,https://teamketo.com/pages/keto-calculator,8
macro calculator keto,https://www.fatforweightloss.com.au/macro-calculator/,9
macro calculator keto,https://www.amazon.fr/Best-Ketogenic-Macro-Calculator-Women/dp/1675429669,10
keto at costco 2022,https://perfectketo.com/costco-keto/,1
keto at costco 2022,https://parade.com/1307042/kaitlin-vogel/keto-at-costco/,2
keto at costco 2022,https://lowcarbyum.com/how-to-shop-keto-at-costco/,3
keto at costco 2022,https://www.ketoconnect.net/keto-costco,4
keto at costco 2022,https://daily.slickdeals.net/shopping/best-costco-keto-low-carb-products/,5
keto at costco 2022,https://www.pinterest.com/pin/153896512253632925/,6
keto at costco 2022,https://passionatepennypincher.com/costco-keto-foods/,7
keto at costco 2022,https://blog.cheapism.com/costco-keto-foods/,8
keto at costco 2022,https://afullliving.com/the-ultimate-costco-low-carb-and-keto-grocery-list/,9
keto at costco 2022,https://www.facebook.com/thomas.delauer/videos/i-bought-every-new-keto-item-at-costco-for-2022/539358234217720/?locale=ms_MY,1
keto at costco 2022,https://www.facebook.com/groups/481939876141404/posts/857141421954579/,2
keto at costco 2022,https://afullliving.com/the-ultimate-costco-low-carb-and-keto-grocery-list/,3
keto at costco 2022,https://www.instagram.com/p/CZPbmZ-K5wJ/,4
keto at costco 2022,https://www.ketobars.com/blogs/keto-bars-and-beyond/keto-snacks-at-costco,5
keto at costco 2022,https://mylifecookbook.com/keto-foods-costco-for-meal-prep/,6
keto at costco 2022,https://naturalforce.com/blogs/nutrition/keto-costco,7
keto at costco 2022,https://www.costcuisine.com/post/costco-keto-izza-3-meat-keto-pizza-review,8
keto at costco 2022,https://www.insider.com/best-foods-to-get-at-costco-for-weight-loss-keto-diet-2021,9
how much mct oil per day,https://naturalforce.com/blogs/nutrition/how-much-mct-oil-per-day,1
how much mct oil per day,https://drruscio.com/how-much-mct-oil-per-day/,2
how much mct oil per day,https://www.funkyfatfoods.com/blogs/news/mct-per-day,3
how much mct oil per day,https://www.ruled.me/mct-oil/,4
how much mct oil per day,https://www.mindbodygreen.com/articles/mct-oil-benefits-how-it-works,5
how much mct oil per day,https://www.go-keto.com/en/academy/about-nutrition/mct-oil-tips-when-to-take-it-and-how-often/,6
how much mct oil per day,https://310nutrition.com/blogs/all/how-much-mct-oil-should-i-take-per-day,7
how much mct oil per day,https://perfectketo.com/how-much-mct-should-i-take-per-day/,8
how much mct oil per day,https://draxe.com/nutrition/mct-oil/,9
keto diet for belly fat,https://perfectketo.com/does-ketosis-burn-belly-fat/,1
keto diet for belly fat,https://www.express.co.uk/life-style/diets/1302303/weight-loss-keto-diet-plan-best-foods-to-lose-belly-fat-in-just-2-weeks,2
keto diet for belly fat,https://www.virtahealth.com/faq/lose-belly-fat-keto,3
keto diet for belly fat,https://nakednutrition.com/blogs/diets/will-ketosis-burn-belly-fat,4
keto diet for belly fat,https://ketogenic.com/how-keto-reduces-harmful-belly-fat-and-adipose-tissue/,5
keto diet for belly fat,https://www.dietdoctor.com/weight-loss/belly-fat,6
keto diet for belly fat,https://www.hollandandbarrett.com/the-health-hub/weight-management/weight-loss/keto-diet-weight-loss/,7
keto diet for belly fat,https://www.healthline.com/nutrition/10-graphs-power-of-ketogenic-diet,8
keto diet for belly fat,https://www.youtube.com/watch?v=ofUEHw9PFds,9
keto diet for belly fat,https://www.ruled.me/25-keto-foods-to-accelerate-fat-loss/,10
keto intermittent fasting,https://www.everydayhealth.com/ketogenic-diet/intermittent-fasting-keto-how-it-works-benefits-risks-more/,1
keto intermittent fasting,https://health.ucdavis.edu/news/headlines/intermittent-fasting-balanced-or-a-keto-diet-food-for-thought/2023/03,2
keto intermittent fasting,https://www.atkins.com/how-it-works/blog/the-facts-behind-intermittent-fasting,3
keto intermittent fasting,https://honehealth.com/edge/nutrition/keto-and-intermittent-fasting/,4
keto intermittent fasting,https://www.carbmanager.com/article/xyll7xuaac4ar9nf/intermittent-fasting--keto-the-ultimate-guide,5
keto intermittent fasting,https://www.ruled.me/intermittent-fasting-on-keto-diet/,6
keto intermittent fasting,https://www.mindbodygreen.com/articles/keto-and-intermittent-fasting,7
keto intermittent fasting,https://perfectketo.com/keto-and-intermittent-fasting/,8
keto intermittent fasting,https://www.news-medical.net/news/20230131/Health-impact-of-a-combination-of-intermittent-fasting-and-ketogenic-diet.aspx,9
keto intermittent fasting,https://www.health.harvard.edu/heart-health/time-to-try-intermittent-fasting,10
how to stay in ketosis,https://www.healthline.com/nutrition/7-tips-to-get-into-ketosis,1
how to stay in ketosis,https://www.wikihow.com/Stay-in-Ketosis,2
how to stay in ketosis,https://healthreporter.com/how-to-stay-in-ketosis/,3
how to stay in ketosis,https://perfectketo.com/how-to-maintain-ketosis/,4
how to stay in ketosis,https://keto-mojo.com/article/how-do-you-stay-in-ketosis/,5
how to stay in ketosis,https://www.youtube.com/watch?v=rJw05x4aicE,6
how to stay in ketosis,https://www.essentialketo.com/make-staying-in-ketosis-easier-with-these-tips/,7
how to stay in ketosis,https://yesketosis.com/how-to-stay-in-ketosis-overnight/,8
how to stay in ketosis,https://www.medicalnewstoday.com/articles/324599,9
how to stay in ketosis,https://www.quora.com/How-do-I-stay-in-ketosis-overnight,1
how to stay in ketosis,https://www.everydayhealth.com/ketogenic-diet/diet/what-keto-cycling-can-it-help-you-stick-with-ketogenic-diet/,2
how to stay in ketosis,https://www.go-keto.com/en/academy/about-nutrition/how-can-you-snack-and-still-stay-in-ketosis/,3
how to stay in ketosis,https://www.carbmanager.com/article/xtqrwbeaacmacfpw/how-to-stay-keto-while-traveling,4
how to stay in ketosis,https://www.businessinsider.com/8-tricks-that-help-with-keto-diet-2018-7,5
how to stay in ketosis,https://o3smoothies.com/blogs/o3-journal/how-to-stay-in-ketosis-while-staying-at-home,6
how to stay in ketosis,https://www.webmd.com/diabetes/type-1-diabetes-guide/what-is-ketosis,7
clean keto,https://www.healthline.com/nutrition/clean-keto,1
clean keto,https://naturalforce.com/blogs/nutrition/clean-keto,2
clean keto,https://healthylittlepeach.com/clean-keto-challenge-28-day-jumpstart-to-health/,3
clean keto,https://perfectketo.com/clean-keto-diet/,4
clean keto,https://ketologic.com/blogs/articles/clean-keto-lazy-keto-dirty-keto,5
clean keto,https://eatbefitexplore.com/clean-keto-food-list/,6
clean keto,https://www.tasteslovely.com/how-i-lost-weight-eating-clean-keto-whole30/,7
clean keto,https://ketogenic.com/what-is-the-clean-keto-diet/,8
clean keto,https://health.usnews.com/wellness/compare-diets/articles/dirty-keto-vs-clean-keto-what-is-the-difference,9
clean keto,https://www.ibreatheimhungry.com/week-1-squeaky-clean-keto-meal-plan-sckc/,10
www.customer support link.com keto,http://customersupportlinks.com/,1
www.customer support link.com keto,https://help.perfectketo.com/article/es9ctgnfjg-how-do-i-contact-customer-support,2
www.customer support link.com keto,https://customersupportlink.com.cutestat.com/,3
www.customer support link.com keto,https://ketogenic.com/what-to-do-if-you-are-a-victim-of-a-keto-scam-steps-to-getting-your-money-back-from-shark-tank-keto-pills/,4
www.customer support link.com keto,https://www.scamadviser.com/check-website/mytcchelp.com,5
www.customer support link.com keto,https://nmd.mk/keto/www-customer-support-link-keto-Atc/,6
www.customer support link.com keto,https://www.supportlink.com.au/,7
www.customer support link.com keto,https://www.ketovie.com/support/customer-service/,8
www.customer support link.com keto,https://keto-mojo.com/contact-us/,9
www.customer support link.com keto,https://www.outlookindia.com/outlook-spotlight/let-s-keto-reviews-australia-beware-website-alert-lets-keto-pills-price-in-nz-au-news-236206,10
www.customer support link.com keto,https://www.scampulse.com/premium-keto-store-reviews,1
www.customer support link.com keto,https://www.aarp.org/money/scams-fraud/info-2020/keto-diet-pill-scams.html,2
www.customer support link.com keto,https://www.bbb.org/us/nv/las-vegas/profile/health-products/total-client-connect-1086-90057165/complaints,3
www.customer support link.com keto,https://www.amazon.com/Keto-Burn-Gummies-Management-Metabolism/dp/B0BMTMSFF8,4
www.customer support link.com keto,https://house-of-keto.pissedconsumer.com/customer-service.html,5
www.customer support link.com keto,https://www.supportlink.com.au/,6
www.customer support link.com keto,https://play.google.com/store/apps/details?id=com.kilogroup.ketocycle&hl=en_US&gl=US,7
www.customer support link.com keto,https://www.go-keto.com/en/service-and-contact/delivery-and-returns/,8
www.customer support link.com keto,https://www.youtube.com/watch?v=sDjkbjqkBRk,9
www.customer support link.com keto,https://tastecando.com/pages/shipping-and-return-policies,10
drinking ketones,https://healthnews.com/nutrition/weight-management/ketone-drinks-should-you-take-them/,1
drinking ketones,https://perfectketo.com/ketone-drinks/,2
drinking ketones,https://www.medicinenet.com/is_it_safe_to_drink_ketones/article.htm,3
drinking ketones,https://cornerstonenaturopathic.ca/are-ketone-drinks-really-that-great/,4
drinking ketones,https://www.healthline.com/nutrition/exogenous-ketones,5
drinking ketones,https://blog.kissmyketo.com/articles/supplement/facts-about-ketones-drinks/,6
drinking ketones,https://www.verywellfit.com/ketones-drinks-for-followers-of-the-popular-keto-diet-5070068,7
drinking ketones,https://www.amazon.com/ketones-drink/s?k=ketones+drink,8
drinking ketones,https://www.medicalnewstoday.com/articles/326607,9
drinking ketones,https://hvmn.com/products/ketone,1
drinking ketones,https://www.youtube.com/watch?v=6jQWwPhQhFc,2
drinking ketones,https://www.foodnavigator.com/Article/2020/10/08/Everybody-should-drink-ketones-not-just-elite-cyclists,3
drinking ketones,https://finance.yahoo.com/news/drinking-ketones-daily-10-day-130000617.html,4
drinking ketones,https://journals.humankinetics.com/view/journals/ijsnem/29/6/article-p596.xml,5
drinking ketones,https://www.pruvitnow.com/product/challenge-pack/,6
drinking ketones,https://pubmed.ncbi.nlm.nih.gov/31655093/,7
drinking ketones,https://www.diabetes.org.uk/guide-to-diabetes/managing-your-diabetes/ketones-and-diabetes,8
drinking ketones,https://www.webmd.com/diabetes/type-1-diabetes-guide/what-is-ketosis,9
drinking ketones,https://www.isrctn.com/ISRCTN64294760,10
keto diet for women,https://www.womenshealthmag.com/weight-loss/a19434332/what-is-the-keto-diet/,1
keto diet for women,https://www.carbmanager.com/article/yudvkxiaaceaulzj/the-ultimate-guide-to-keto-for-women,2
keto diet for women,https://www.healthline.com/nutrition/keto-for-women,3
keto diet for women,https://www.everydayhealth.com/diet-nutrition/ketogenic-diet/comprehensive-ketogenic-diet-food-list-follow/,4
keto diet for women,https://www.youtube.com/watch?v=ijIrbrlbZOU,5
keto diet for women,https://www.ruled.me/keto-guide-for-women/,6
keto diet for women,https://perfectketo.com/keto-for-women/,7
keto diet for women,https://www.health.harvard.edu/staying-healthy/should-you-try-the-keto-diet,8
keto diet for women,https://betterme.world/articles/keto-for-women-over-50/,9
keto diet for women,https://scitechdaily.com/keto-diet-may-not-work-for-women-heres-what-works-better/,1
keto diet for women,https://www.dietdoctor.com/top-tips-lose-weight-low-carb-women-40,2
keto diet for women,https://www.amazon.it/Easy-Keto-Diet-Women-Over/dp/1802677739,3
keto diet for women,https://planketogenic.pro/en/keto-diet-plans/women,4
keto diet for women,https://www.ibs.it/keto-diet-for-women-over-ebook-inglese-jessica-drapson/e/9798201158736,5
keto diet for women,https://www.womansday.com/health-fitness/nutrition/a25602934/keto-diet-foods/,6
keto diet for women,https://www.doctorpedia.com/channels/is-keto-good-for-women/,7
low carb substitutes for bread crumbs,https://perfectketo.com/low-carb-breadcrumb-substitute/,1
low carb substitutes for bread crumbs,https://www.allrecipes.com/article/low-carb-bread-substitutes-alternatives/,2
low carb substitutes for bread crumbs,https://ohsofoodie.com/keto-bread-crumb-substitute/,3
low carb substitutes for bread crumbs,https://www.livofy.com/health/keto-diet/low-carb-alternatives-for-bread-crumbs/,4
low carb substitutes for bread crumbs,https://thebigmansworld.com/keto-bread-crumbs/,5
low carb substitutes for bread crumbs,https://www.lowcarb-nocarb.com/low-carb-breadcrumbs/,6
low carb substitutes for bread crumbs,https://www.tastingtable.com/924347/the-best-keto-alternative-to-bread-crumbs/,7
low carb substitutes for bread crumbs,https://www.ketovale.com/low-carb-breadcrumbs-substitutes/,8
low carb substitutes for bread crumbs,https://www.ketoasap.com/low-carb-bread-crumbs-substitutes/,9
low carb substitutes for bread crumbs,https://ketodietapp.com/Blog/lchf/the-best-keto-breadcrumbs,1
low carb substitutes for bread crumbs,https://www.ketoasap.com/low-carb-bread-crumbs-substitutes/,2
low carb substitutes for bread crumbs,https://ketoinpearls.com/gluten-free-bread-crumbs/,3
low carb substitutes for bread crumbs,https://sugarfreelondoner.com/keto-bread-crumbs/,4
low carb substitutes for bread crumbs,https://www.amazon.com/low-carb-bread-crumbs/s?k=low+carb+bread+crumbs,5
low carb substitutes for bread crumbs,https://trinakrug.com/crunchy-breadcrumbs/,6
low carb substitutes for bread crumbs,https://www.verywellfit.com/5-healthiest-substitutes-for-bread-crumbs-5207722,7
low carb substitutes for bread crumbs,https://lowcarbquick.com/keto-bread-crumbs/,8
low carb substitutes for bread crumbs,https://www.thatslowcarb.com/low-carb-bacon-breading-recipe/,9
low carb substitutes for bread crumbs,https://blogchef.net/low-carb-substitute-for-bread-crumbs/,10
xylitol keto,https://perfectketo.com/xylitol/,1
xylitol keto,https://www.noguiltbakes.co.uk/blogs/news/xylitol-vs-erythritol-keto-friendly-sweeteners,2
xylitol keto,https://www.dietdoctor.com/low-carb/keto/sweeteners,3
xylitol keto,https://aussieketoqueen.com/use-xylitol-sweetener-choice/,4
xylitol keto,https://www.healthline.com/nutrition/keto-sweeteners,5
xylitol keto,https://theketoeater.com/is-xylitol-keto-friendly-approved/,6
xylitol keto,https://sureketo.com/is-it-keto/xylitol,7
xylitol keto,https://lowcarbyum.com/xylitol-sweetener-low-carb-sugar-substitute-guide/,8
xylitol keto,https://www.amazon.com/XYLOBURST-Cinnamon-Xylitol-Mints-Piece/dp/B00E1QXFII,9
xylitol keto,https://allnutritious.com/xylitol-vs-stevia/,1
xylitol keto,https://www.menshealth.com/nutrition/g26293358/keto-sweeteners/,2
xylitol keto,https://morningpep.com/products/xylitol,3
xylitol keto,https://www.carbmanager.com/article/xtqe4beaaciaci7a/best-keto-friendly-sweeteners/,4
xylitol keto,https://ketoeats.com.au/product/keto-eats-birch-xylitol/,5
xylitol keto,https://maketokitchen.co.nz/product/xylitol-keto-sweetener/,6
xylitol keto,https://ketodietapp.com/data/ingredient/257,7
xylitol keto,https://www.ketoco.co.za/products/keto-co-xylitol,8
xylitol keto,https://www.youtube.com/watch?v=cz4V4W6ntGc,9
xylitol keto,https://www.walmart.com/c/kp/xylitol-birch,10
how long should i do keto,https://perfectketo.com/how-long-should-you-do-keto/,1
how long should i do keto,https://www.eatingwell.com/article/290678/i-tried-the-ketogenic-diet-for-30-days-and-heres-what-happened/,2
how long should i do keto,https://www.popsugar.com/fitness/How-Long-Should-I-Do-Keto-Diet-44092236,3
how long should i do keto,https://www.wellandgood.com/ketogenic-diet-long-term-versus-short-term/,4
how long should i do keto,https://www.health.com/weight-loss/keto-long-term,5
how long should i do keto,https://www.rd.com/article/is-keto-diet-safe/,6
how long should i do keto,https://www.health.harvard.edu/staying-healthy/should-you-try-the-keto-diet,7
how long should i do keto,https://www.fox61.com/article/news/health/health-watch-how-long-is-too-long-on-the-keto-diet/520-82ae9605-ddd5-44cb-8fe2-2fb3e87efffd,8
how long should i do keto,https://parade.com/1168776/nicolepajer/keto-weight-loss-how-fast-long-does-it-take/,1
how long should i do keto,https://www.youtube.com/watch?v=zLB9SaE5xMM,2
how long should i do keto,https://www.healthline.com/nutrition/7-tips-to-get-into-ketosis,3
how long should i do keto,https://www.discovermagazine.com/lifestyle/how-long-does-it-take-to-lose-weight-on-keto,4
how long should i do keto,https://www.hsph.harvard.edu/nutritionsource/healthy-weight/diet-reviews/ketogenic-diet/,5
how long should i do keto,https://joinzoe.com/learn/does-keto-work,6
how long should i do keto,https://www.webmd.com/diabetes/type-1-diabetes-guide/what-is-ketosis,7
how long should i do keto,https://www.fox61.com/article/news/health/health-watch-how-long-is-too-long-on-the-keto-diet/520-82ae9605-ddd5-44cb-8fe2-2fb3e87efffd,8
how long should i do keto,https://healthreporter.com/how-long-is-it-safe-to-be-in-ketosis/,9
high fat foods keto,https://www.healthline.com/nutrition/healthy-fats-for-keto,1
high fat foods keto,https://www.everydayhealth.com/ketogenic-diet/diet/best-worst-fats-eat-on-keto-diet/,2
high fat foods keto,https://www.trifectanutrition.com/blog/10-high-fat-foods-for-keto-to-try,3
high fat foods keto,https://www.doctorkiltz.com/low-carb-high-fat-foods/,4
high fat foods keto,https://realbalanced.com/blog/high-fat-foods-for-keto-what-to-eat/,5
high fat foods keto,https://perfectketo.com/high-fat-low-carb-foods/,6
high fat foods keto,https://ketogenicbuddies.com/high-fat-foods-for-keto/,7
high fat foods keto,https://www.carbmanager.com/article/x07hexaaaciaqd_p/how-to-get-enough-of-the-right-fats-on-keto-and-avoid,8
best alcohol for intermittent fasting,https://www.healthline.com/nutrition/intermittent-fasting-and-alcohol,1
best alcohol for intermittent fasting,https://www.womenshealthmag.com/weight-loss/a33220320/intermittent-fasting-and-alcohol/,2
best alcohol for intermittent fasting,https://betterme.world/articles/can-you-drink-alcohol-on-the-16-8-diet/,3
best alcohol for intermittent fasting,https://www.wefast.care/articles/intermittent-fasting-alcohol,4
best alcohol for intermittent fasting,https://www.everydayhealth.com/weight/best-and-worst-types-of-alcohol-for-weight-loss/,5
best alcohol for intermittent fasting,https://perfectketo.com/intermittent-fasting-and-alcohol/,6
best alcohol for intermittent fasting,https://www.worldofchemicals.com/640/chemistry-articles/what-kind-of-drinks-almost-instantly-breaks-a-intermittent-fasting.html,7
best alcohol for intermittent fasting,https://fitandhealthypro.com/best-alcohol-for-intermittent-fasting/,8
best alcohol for intermittent fasting,https://www.autumnellenutrition.com/post/the-3-best-alcoholic-drinks-for-weight-loss,9
keto substitute for cornstarch,https://perfectketo.com/low-carb-cornstarch-substitute/,1
keto substitute for cornstarch,https://www.tastingtable.com/941424/the-best-keto-alternatives-for-corn-starch/,2
keto substitute for cornstarch,https://www.ketovale.com/low-carb-thickeners-and-cornstarch-substitutes/,3
keto substitute for cornstarch,https://www.wholesomeyum.com/cornstarch-substitutes/,4
keto substitute for cornstarch,https://www.ketoasap.com/low-carb-thickeners/,5
keto substitute for cornstarch,https://izzycooking.com/carbs-in-cornstarch-and-cornstarch-substitute-for-keto-diet/,6
keto substitute for cornstarch,https://www.mentalfoodchain.com/cornstarch-substitutes/,7
keto substitute for cornstarch,https://blogchef.net/keto-cornstarch-substitute-for-frying/,8
keto substitute for cornstarch,https://www.ketoaholics.com/low-carb-cornstarch-substitute/,1
keto substitute for cornstarch,https://www.sosimpleideas.com/low-carb-keto-substitutes-for-cornstarch/,2
keto substitute for cornstarch,https://www.carbmanager.com/article/xtqygheaaciachjm/what-is-starch-and-why-is-it-bad-for-keto,3
keto substitute for cornstarch,https://www.thedonutwhole.com/can-i-use-cornstarch-on-keto/,4
keto substitute for cornstarch,https://www.mysweetketo.com/cornstarch-substitutes-keto/,5
keto substitute for cornstarch,https://www.thebigpicturemovie.com/cornstarch-substitute/,6
keto substitute for cornstarch,https://drcolbert.com/cornstarch-substitutes-keto/,7
keto substitute for cornstarch,https://www.dietdoctor.com/low-carb/recipes/how-to-thicken-keto-and-low-carb-gravies-sauces-and-soups,8
are kind bars healthy,https://www.stack.com/a/are-kind-bars-actually-healthy/,1
are kind bars healthy,https://www.healthdigest.com/1191585/are-kind-bars-really-healthy/,2
are kind bars healthy,https://humanfoodbar.com/best-vegan-protein-bars/kind-bars-are-bad-for-you/,3
are kind bars healthy,https://www.health.com/nutrition/kind-bar-controversy-are-kind-bars-healthy,4
are kind bars healthy,https://www.mashed.com/260775/the-untold-truth-of-kind-bars/,5
are kind bars healthy,https://www.thedonutwhole.com/are-kind-bars-actually-healthy/,6
are kind bars healthy,https://time.com/4914384/healthy-granola-bar/,7
are kind bars healthy,https://www.eatthis.com/kind-bars/,8
are kind bars healthy,https://www.consumerreports.org/cro/news/2015/04/fda-says-kind-bars-aren-t-healthy/index.htm,9
are kind bars healthy,https://www.consumerreports.org/cro/news/2015/04/fda-says-kind-bars-aren-t-healthy/index.htm,1
are kind bars healthy,https://www.cbsnews.com/news/fda-kind-bars-not-as-healthy-as-they-claim/,2
are kind bars healthy,https://www.fitlivingeats.com/are-kind-bars-healthy-tips-for-choosing-a-nutritious-snack-bar/,3
are kind bars healthy,https://www.elle.com/beauty/health-fitness/news/a27838/kind-bars-unhealthy-says-fda/,4
are kind bars healthy,https://www.salon.com/2015/04/14/fda_kind_bars_arent_actually_healthy/,5
are kind bars healthy,https://www.loveandzest.com/are-kind-bars-healthy-what-to-look-for-in-an-energy-bar/,6
are kind bars healthy,https://www.bustle.com/articles/77098-are-kind-bars-bad-for-you-nutritionists-weigh-in-on-the-fda-ruling-some-bars-unhealthy,7
are kind bars healthy,https://www.thither.com/kind-bars-review-are-kind-bars-healthy,8
are kind bars healthy,https://www.self.com/story/the-fda-says-kind-bars-are-healthy-again,9
are kind bars healthy,https://globalnews.ca/news/2695080/are-kind-bars-healthy-heres-why-the-fda-is-rethinking-what-makes-a-healthy-snack/,10
carbs in black beans,https://www.carbmanager.com/food-detail/nl:db1245755982061701ce6993042b7d12/black-beans,1
carbs in black beans,https://www.verywellfit.com/black-beans-nutrition-facts-calories-and-their-health-benefits-4118125,2
carbs in black beans,https://www.webmd.com/diet/health-benefits-black-beans,3
carbs in black beans,https://www.precisionnutrition.com/encyclopedia/food/black-beans,4
carbs in black beans,https://izzycooking.com/are-black-beans-keto-and-carbs-in-black-beans/,5
carbs in black beans,https://www.fatsecret.com/calories-nutrition/food/black-beans/carbohydrate,6
carbs in black beans,https://perfectketo.com/carbs-in-beans/,7
carbs in black beans,https://www.medicalnewstoday.com/articles/289934,8
how long should you stay in ketosis,https://www.quora.com/How-long-can-you-stay-in-ketosis-on-a-fast,1
how long should you stay in ketosis,https://perfectketo.com/how-long-should-you-do-keto/,2
how long should you stay in ketosis,https://healthreporter.com/how-long-is-it-safe-to-be-in-ketosis/,3
how long should you stay in ketosis,https://www.health.com/weight-loss/keto-long-term,4
how long should you stay in ketosis,https://konsciousketo.com/blogs/keto/how-long-should-you-stay-on-a-keto-diet,5
how long should you stay in ketosis,https://paleoleap.com/do-i-need-to-be-in-ketosis-all-the-time/,6
how long should you stay in ketosis,https://www.wellandgood.com/ketogenic-diet-long-term-versus-short-term/,7
how long should you stay in ketosis,https://www.rd.com/article/is-keto-diet-safe/,8
how long should you stay in ketosis,https://www.healthdigest.com/353403/how-long-can-you-stay-on-the-keto-diet/,1
how long should you stay in ketosis,https://www.rd.com/article/is-keto-diet-safe/,2
how long should you stay in ketosis,https://onandoffketo.com/how-long-should-you-stay-on-keto/,3
how long should you stay in ketosis,https://www.eatingwell.com/article/290678/i-tried-the-ketogenic-diet-for-30-days-and-heres-what-happened/,4
how long should you stay in ketosis,https://parade.com/1168776/nicolepajer/keto-weight-loss-how-fast-long-does-it-take/,5
how long should you stay in ketosis,https://www.healthline.com/nutrition/10-signs-and-symptoms-of-ketosis,6
how long should you stay in ketosis,https://www.healthnerdy.com/how-long-is-it-safe-to-be-in-ketosis/,7
how long should you stay in ketosis,https://www.health.harvard.edu/heart-health/time-to-try-intermittent-fasting,8
how long should you stay in ketosis,https://www.dietdoctor.com/is-it-safe-to-stay-in-ketosis-indefinitely,9
erythritol keto,https://allmyketo.com/blogs/nutrition/erythritol-regime-cetogene,1
erythritol keto,https://www.deliceslowcarb.com/erythritol/1447-erythritol-1-kg-delices-low-carb-.html,2
erythritol keto,https://www.go-keto.com/fr/pour-cuisiner/edulcorants/,3
erythritol keto,https://superketo.fr/2017/11/04/welcome-to-the-lab-erythritol/,4
erythritol keto,https://nutribe.fr/blogs/guides/edulcorants-regime-cetogene-keto,5
erythritol keto,https://tendance-lowcarb.com/quest-ce-que-lerythritol/,6
erythritol keto,https://www.amazon.fr/Go-Keto-Erythritol-erythritol-respectueux-alternative/dp/B096C2GP4X,7
erythritol keto,https://www.minceurdiscount.com/erythritol-gold-400g-simply-keto-1209.html,8
erythritol keto,https://www.lesassiettes.fr/regime-ceto-lowcarb/erythritol-et-regime-keto/,9
erythritol keto,https://ketoiceland.is/shop/sweet-keto/erythritol-500g/,1
erythritol keto,https://2brothersfoods.com/sugar/erythritol-keto-sweetener,2
erythritol keto,https://ketostore.nz/products/monkfruit-erythritol-sweetener,3
erythritol keto,https://www.usatoday.com/story/news/health/2023/02/27/sugar-substitute-erythritol-increase-risk-stroke/11330213002/,4
erythritol keto,https://www.ketofoodtherapy.com/en/shop/10-eritritolo-a-velo.html,5
erythritol keto,https://www.lowcarbfoods.com/low-carb-white-sugar-sweetener-with-erythritol,6
erythritol keto,https://slimandsmart.co.uk/product/update-zero-almost-keto-erythritol-sweetener/,7
erythritol keto,https://www.youtube.com/watch?v=U0p-EOHv6gY,8
erythritol keto,https://www.themanual.com/food-and-drink/erythritol-in-keto-diet-advice/,9
is cauliflower rice keto friendly,https://perfectketo.com/is-cauliflower-rice-keto/,1
is cauliflower rice keto friendly,https://health.usnews.com/wellness/food/slideshows/keto-friendly-meals-with-cauliflower-rice,2
is cauliflower rice keto friendly,https://greenandketo.com/cauliflower-rice,3
is cauliflower rice keto friendly,https://www.myketokitchen.com/keto-recipes/easy-low-carb-cauliflower-rice-recipe/,4
is cauliflower rice keto friendly,https://www.thedonutwhole.com/is-cauliflower-rice-good-for-keto-diet/,5
is cauliflower rice keto friendly,https://www.fittoservegroup.com/low-carb-fried-rice-2/,6
is cauliflower rice keto friendly,https://kalynskitchen.com/20-low-carb-dinners-with-cauliflower-rice/,7
is cauliflower rice keto friendly,https://www.primaledgehealth.com/cauliflower-rice-keto/,8
hydrogenated oils list,http://www.livestrong.com/article/188137-list-of-fully-hydrogenated-oils/,1
hydrogenated oils list,https://www.leaf.tv/articles/list-of-fully-hydrogenated-oils/,2
hydrogenated oils list,https://www.healthline.com/nutrition/hydrogenated-vegetable-oil,3
hydrogenated oils list,https://study.com/learn/lesson/hydrogenated-fats-overview-examples.html,4
hydrogenated oils list,https://www.eatthis.com/partially-hydrogenated-oil-food/,5
hydrogenated oils list,https://ecostore.com/nz/ingredients/approved/hydrogenated-vegetable-oil,6
hydrogenated oils list,https://pediaa.com/what-is-the-difference-between-hydrogenated-and-non-hydrogenated-oil/,7
hydrogenated oils list,https://www.medicinenet.com/is_hydrogenated_oil_unhealthy_foods_contain_it/article.htm,8
hydrogenated oils list,https://www.medicinenet.com/is_hydrogenated_oil_unhealthy_foods_contain_it/article.htm,1
hydrogenated oils list,https://www.thespruceeats.com/do-hydrogenated-oils-contain-trans-fats-2246050,2
hydrogenated oils list,https://www.mayoclinic.org/diseases-conditions/high-blood-cholesterol/in-depth/trans-fat/art-20046114,3
hydrogenated oils list,https://www.everydayhealth.com/news/best-worst-oils-health/,4
hydrogenated oils list,http://www.publichealth.lacounty.gov/phcommon/public/eh/transfat/NeedOilChange.pdf,5
hydrogenated oils list,https://www.health.com/food/the-22-worst-foods-for-trans-fat,6
hydrogenated oils list,https://www.naturalwayfoodgroup.com/blogs/company-updates/5-ways-to-avoid-hydrogenated-oil,7
hydrogenated oils list,https://labelsunwrapped.org/explore-labels/fats-oils,8
hydrogenated oils list,https://ecostore.com/nz/ingredients/approved/hydrogenated-vegetable-oil,9
hydrogenated oils list,https://www.fsai.ie/faq/trans_fatty_acids.html,10
is corn oil healthy,https://www.healthline.com/nutrition/corn-oil,1
is corn oil healthy,https://draxe.com/nutrition/is-corn-oil-healthy/,2
is corn oil healthy,https://www.mindbodygreen.com/articles/is-corn-oil-healthy,3
is corn oil healthy,https://www.livestrong.com/article/481389-is-corn-oil-healthy/,4
is corn oil healthy,https://www.medicinenet.com/is_corn_oil_good_for_you_how_does_it_compare/article.htm,5
is corn oil healthy,https://perfectketo.com/corn-oil/,6
is corn oil healthy,https://www.quora.com/Is-corn-oil-unhealthy,7
is corn oil healthy,https://www.organicfacts.net/health-benefits/oils/corn-oil.html,8
is corn oil healthy,https://brightland.co/blogs/field-notes/corn-oil-vs-olive-oil,1
is corn oil healthy,https://www.quora.com/Is-corn-oil-unhealthy,2
is corn oil healthy,https://www.prevention.com/food-nutrition/healthy-eating/a20464385/corn-oil-lowers-cholesterol-more-than-olive-oil/,3
is corn oil healthy,https://hlagroproducts.medium.com/corn-oil-nutrition-benefits-downsides-fb24af5d7f36?source=user_profile---------24----------------------------,4
is corn oil healthy,https://wearecocina.com/lifestyle/mazola-corn-oil-neutral-flavor-high-smoke-point/,5
is corn oil healthy,https://www.bistromd.com/blogs/nutrition/which-is-healthier-olive-oil-or-corn-oil,6
is corn oil healthy,https://time.com/5342337/best-worst-cooking-oils-for-your-health/,7
is corn oil healthy,https://newyorkerslc.com/utah/vegetable-oil-or-corn-oil-in-cooking/,8
is corn oil healthy,https://www.mz-store.com/blog/corn-oil-an-american-treasure/,9
is corn oil healthy,https://www.sclhealth.org/blog/2021/05/oil-essentials-the-5-healthiest-cooking-oils/,10
is tofu keto friendly,https://www.castironketo.net/blog/is-tofu-keto/,1
is tofu keto friendly,https://tofubud.com/blogs/tips/is-tofu-keto,2
is tofu keto friendly,https://yummyketocooking.com/is-tofu-keto-friendly/,3
is tofu keto friendly,https://izzycooking.com/is-tofu-keto-and-keto-tofu-recipes/,4
is tofu keto friendly,https://perfectketo.com/is-tofu-keto-friendly/,5
is tofu keto friendly,https://www.ketoasap.com/is-tofu-ketogenic-friendly/,6
is tofu keto friendly,https://www.insider.com/surprising-foods-cant-have-on-keto-diet-2018-6,7
is tofu keto friendly,https://betterme.world/articles/tofu-keto-diet/,8
is tofu keto friendly,https://www.livofy.com/health/weight-loss/tofu-on-keto-keto-lifetsyle-weight-loss-keto-india/,1
is tofu keto friendly,https://how2doketo.com/is-tofu-keto-friendly/,2
is tofu keto friendly,https://ketopots.com/is-tofu-keto,3
is tofu keto friendly,https://teamketo.com/blogs/articles/tofu-is-it-keto-friendly,4
is tofu keto friendly,https://www.thedonutwhole.com/how-much-tofu-can-i-eat-keto/,5
is tofu keto friendly,https://www.bluetreehealthtx.com/post/keto-vegan-diet,6
is tofu keto friendly,https://thebigmansworld.com/the-big-man-cooks-best-and-easy-baked-tofu/,7
is tofu keto friendly,https://www.theartofketo.com/is-tofu-keto-friendly/,8
is tofu keto friendly,https://insanelygoodrecipes.com/keto-tofu-recipes/,9
is tofu keto friendly,https://vegketodiet.com/is-tofu-keto/,10
free keto food list,https://www.eatingwell.com/article/291245/complete-keto-diet-food-list-what-you-can-and-cannot-eat-if-youre-on-a-ketogenic-diet/,1
free keto food list,https://www.wholesomeyum.com/low-carb-keto-food-list/,2
free keto food list,https://ketologic.com/blogs/articles/keto-food-list,3
free keto food list,https://www.pinterest.com/pin/free-printable-keto-food-list--454793262383444861/,4
free keto food list,https://nakednutrition.com/blogs/diets/keto-foods-list,5
free keto food list,https://www.everydayhealth.com/diet-nutrition/ketogenic-diet/comprehensive-ketogenic-diet-food-list-follow/,6
free keto food list,https://kaseytrenum.com/keto-grocery-list/,7
free keto food list,https://www.healthline.com/nutrition/ketogenic-diet-foods,8
free keto food list,https://www.dietdoctor.com/low-carb/keto/foods,9
free keto food list,https://www.wholesomeyum.com/keto-shopping-list/,1
free keto food list,https://www.dietdoctor.com/low-carb/keto/foods,2
free keto food list,https://www.womenshealthmag.com/weight-loss/a23494478/keto-diet-grocery-list/,3
free keto food list,https://www.healthline.com/nutrition/ketogenic-diet-foods,4
free keto food list,https://wholelottayum.com/printable-keto-food-list/,5
free keto food list,https://www.ditchthecarbs.com/is-it-keto-top-10-foods-you-want-to-know/,6
free keto food list,https://blog.kettleandfire.com/keto-diet-food-list/,7
free keto food list,https://ohsofoodie.com/keto-food-list-printable-pdf/,8
free keto food list,https://www.ruled.me/zero-carb-food-list-for-ketosis/,9
erythritol vs allulose,https://perfectketo.com/allulose-vs-erythritol/,1
erythritol vs allulose,https://allusoda.com/pages/allulose-vs-erythritol,2
erythritol vs allulose,https://www.linkedin.com/pulse/allulose-vs-erythritol-eric-pang,3
erythritol vs allulose,https://www.differencebetween.com/difference-between-allulose-and-erythritol/,4
erythritol vs allulose,https://eatsweetlogic.com/blogs/news/erythritol-vs-allulose-in-baking,5
erythritol vs allulose,https://www.quora.com/How-does-allulose-compare-to-erythritol,6
erythritol vs allulose,https://ketogoods.net/blogs/news/allulose-vs-others,7
erythritol vs allulose,https://impactyourlife.co/blogs/impact/erythritol-vs-allulose,8
erythritol vs allulose,https://nutritionfacts.org/webinar/which-sweeteners-are-safe-the-latest-on-allulose-and-erythritol/,1
erythritol vs allulose,https://www.underherb.com/info/allulose-vs-erythritol-62577204.html,2
erythritol vs allulose,https://www.healthline.com/nutrition/allulose,3
erythritol vs allulose,https://www.greatitalianfoodtrade.it/en/health/erythritol-the-accused-sweetener-a-bit-of-clarity/,4
erythritol vs allulose,https://www.mdpi.com/2072-6643/15/2/458,5
erythritol vs allulose,https://www.wholesomeyum.com/natural-low-carb-sweeteners-guide-conversion-chart/,6
erythritol vs allulose,https://www.wholesomeyumfoods.com/shop/sweeteners/monk-fruit/monk-fruit-allulose-blend/,7
erythritol vs allulose,https://soylent.com/blogs/news/allulose-vs-stevia-what-makes-allulose-better,8
erythritol vs allulose,https://www.sweetbestph.com/product/sweet-best-allulose-blend/,9
erythritol vs allulose,https://exoprotein.com/blogs/nutrition/best-natural-sweeteners,10
is coconut sugar keto,https://www.mindbodygreen.com/articles/is-coconut-sugar-keto-what-you-need-to-know-about-sweetener,1
is coconut sugar keto,https://perfectketo.com/low-carb-sugar-substitutes/,2
is coconut sugar keto,https://www.nutstop.com/organic-coconut-sugar-for-keto-diet/,3
is coconut sugar keto,https://hunterandgatherfoods.com/blogs/real-food-lifestyle/is-coconut-sugar-keto,4
is coconut sugar keto,https://www.quora.com/Is-coconut-sugar-keto-friendly,5
is coconut sugar keto,https://plantbasedfaqs.com/is-coconut-palm-sugar-keto/,6
is coconut sugar keto,https://www.sonourished.com/news/coconut-sugars-place-in-keto/,7
is coconut sugar keto,https://www.hippygourmet.com/keto-friendly-coconut-palm-sugar-a-more-nutrient-rich-choice/,8
is coconut sugar keto,https://www.healthline.com/nutrition/keto-sweeteners,1
is coconut sugar keto,https://www.quora.com/Is-coconut-sugar-keto-friendly,2
is coconut sugar keto,https://www.theartofketo.com/is-coconut-sugar-keto-friendly/,3
is coconut sugar keto,https://www.verywellfit.com/coconut-sugar-is-it-really-low-carb-2241843,4
is coconut sugar keto,https://sureketo.com/is-it-keto/coconut-sugar,5
is coconut sugar keto,https://planketogenic.pro/en/is-it-keto-friendly/coconut-sugar,6
is coconut sugar keto,https://www.ketoaholics.com/is-coconut-sugar-keto-friendly/,7
is coconut sugar keto,https://ketodessertrecipes.com/coconut-sugar-keto-friendly/,8
is popcorn low carb,https://www.menshealth.com/nutrition/a35277473/is-popcorn-keto/,1
is popcorn low carb,https://www.freshnlean.com/blog/is-popcorn-keto/,2
is popcorn low carb,https://www.goodhousekeeping.com/health/diet-nutrition/a38582618/is-popcorn-keto/,3
is popcorn low carb,https://www.healthline.com/nutrition/is-popcorn-keto,4
is popcorn low carb,https://parade.com/1388060/stephanieosmanski/is-popcorn-keto/,5
is popcorn low carb,https://perfectketo.com/is-popcorn-keto-friendly/,6
is popcorn low carb,https://www.thedonutwhole.com/can-you-eat-popcorn-on-low-carb-diet/,7
is popcorn low carb,https://izzycooking.com/is-popcorn-keto-and-carbs-in-popcorn/,1
is popcorn low carb,https://www.medicalnewstoday.com/articles/325098,2
is popcorn low carb,https://chomps.com/blogs/nutrition-sustainability-news/is-popcorn-keto,3
is popcorn low carb,https://ketologic.com/blogs/articles/carbs-in-popcorn,4
is popcorn low carb,https://thebigmansworld.com/keto-popcorn/,5
is popcorn low carb,https://www.quora.com/Can-you-eat-popcorn-on-a-low-carb-diet,6
is popcorn low carb,https://delightfullylowcarb.com/how-many-carbs-are-in-popcorn/,7
is popcorn low carb,https://wellversed.in/blogs/articles/https-www-ketofy-in-can-you-eat-popcorn-on-a-keto-diet,8
is popcorn low carb,https://greatist.com/health/can-i-eat-popcorn-on-keto,9
is stevia keto,https://www.healthline.com/nutrition/keto-sweeteners,1
is stevia keto,https://perfectketo.com/is-stevia-keto/,2
is stevia keto,https://www.health.com/weight-loss/keto-friendly-sweetener,3
is stevia keto,https://www.ruled.me/keto-diet-plan-best-and-worst-sweeteners/,4
is stevia keto,https://www.groovyketo.co.uk/blogs/keto-articles/stevia-on-keto-is-it-worth-it,5
is stevia keto,https://ketogenic.com/stevia/,6
is stevia keto,https://www.carbmanager.com/article/xtqe4beaaciaci7a/best-keto-friendly-sweeteners/,7
is stevia keto,https://www.dietdoctor.com/low-carb/keto/sweeteners,8
is stevia keto,https://lowcarbyum.com/stevia-sugar-substitute/,1
is stevia keto,https://www.freshnlean.com/blog/best-keto-sweeteners/,2
is stevia keto,https://www.mysweetketo.com/stevia/,3
is stevia keto,https://www.carbmanager.com/article/xtqe4beaaciaci7a/best-keto-friendly-sweeteners/,4
is stevia keto,https://www.ketoconnect.net/stevia-vs-monk-fruit/,5
is stevia keto,https://www.dietdoctor.com/low-carb/keto/sweeteners,6
is stevia keto,https://izzycooking.com/is-stevia-keto/,7
is stevia keto,https://lovepbco.com/blogs/blog/what-is-stevia,8
is stevia keto,https://www.go-keto.com/en/academy/about-nutrition/keto-diet-and-sweeteners-the-best-and-worst-choices/,9
is stevia keto,https://planketogenic.pro/en/is-it-keto-friendly/stevia,10
high in fat low in carbs,https://www.themanual.com/food-and-drink/foods-high-in-fat-and-low-in-carbs/,1
high in fat low in carbs,https://www.medicalnewstoday.com/articles/324957,2
high in fat low in carbs,https://www.doctorkiltz.com/low-carb-high-fat-foods/,3
high in fat low in carbs,https://www.healthline.com/nutrition/lchf-diet-plan-and-menu,4
high in fat low in carbs,https://blog.kissmyketo.com/articles/food/top-10-highfat-lowcarb-foods/,5
high in fat low in carbs,https://www.everydayhealth.com/ketogenic-diet/diet/best-worst-fats-eat-on-keto-diet/,6
high in fat low in carbs,https://www.diabetes.co.uk/diet/low-carb-high-fat-diet.html,7
high in fat low in carbs,https://perfectketo.com/high-fat-low-carb-foods/,8
high in fat low in carbs,https://www.health.harvard.edu/blog/low-carbohydrate-and-high-saturated-fat-diet-heart-healthy-or-more-to-learn-202112092655,9
high in fat low in carbs,https://www.diabetes.co.uk/diet/low-carb-high-fat-diet.html,1
high in fat low in carbs,https://www.ruled.me/zero-carb-food-list-for-ketosis/,2
high in fat low in carbs,https://nutritionforlife.co.nz/low-carb-high-fat-recipes,3
high in fat low in carbs,https://www.dietdoctor.com/low-carb,4
high in fat low in carbs,https://www.health.harvard.edu/blog/low-carbohydrate-and-high-saturated-fat-diet-heart-healthy-or-more-to-learn-202112092655,5
high in fat low in carbs,https://www.thelittlepine.com/high-fat-low-carb-foods/,6
high in fat low in carbs,https://www.cnn.com/2023/03/05/health/keto-low-carb-high-fat-diets-heart-disease/index.html,7
high in fat low in carbs,https://www.sanitarium.com/au/health-nutrition/nutrition/facts-on-low-carb-diets-and-diabetes,8
high in fat low in carbs,https://www.frontiersin.org/articles/10.3389/fnut.2023.1084021/full,9
1500 calorie keto meal plan,https://perfectketo.com/1500-calorie-keto-meal-plan/,1
1500 calorie keto meal plan,https://www.dietsmealplan.com/meal-plan/1500-calorie-keto-meal-plan-7-day/,2
1500 calorie keto meal plan,https://betterme.world/articles/1500-calorie-keto-diet/,3
1500 calorie keto meal plan,https://www.eatthismuch.com/diet-plan/1500-calorie/atkins-ketogenic/,4
1500 calorie keto meal plan,https://proteinchefs.com/1500-calorie-keto-meal-plan/,5
1500 calorie keto meal plan,https://planketogenic.pro/en/keto-diet-plans/1500-calorie,6
1500 calorie keto meal plan,https://www.strongrfastr.com/1500-calorie-keto-and-intermittent-fasting-meal-plan,7
1500 calorie keto meal plan,https://www.pinterest.com/joellegwynn1/1500-calorie-keto-meal-plan/,8
1500 calorie keto meal plan,https://www.youtube.com/watch?v=MCtrPpBlVh0,9
1500 calorie keto meal plan,https://www.eatingwell.com/article/292092/low-carb-meal-plan-1500-calories/,1
1500 calorie keto meal plan,https://alifeplus.com.au/products/1500-cal-ndis-keto-meal-plan,2
1500 calorie keto meal plan,https://www.thedonutwhole.com/is-1500-calories-too-much-on-keto/,3
1500 calorie keto meal plan,https://headbangerskitchen.com/keto-meal-plan-5/1500caloriketomealplan/,4
1500 calorie keto meal plan,https://www.calameo.com/books/007146880132de4ab14f4,5
1500 calorie keto meal plan,https://ketogenic.com/1500-calorie-7-day-meal-plan/,6
1500 calorie keto meal plan,https://www.etsy.com/listing/1416423356/28-day-keto-meal-plan-for-women-1500,7
1500 calorie keto meal plan,https://fikes.esaunggul.ac.id/diet/1500-calorie-keto-1py-diet/,8
1500 calorie keto meal plan,https://www.reddit.com/r/keto/comments/1rf6xp/what_does_your_low_calorie_keto_day_look_like/,9
1500 calorie keto meal plan,https://www.diabetes.org.uk/guide-to-diabetes/enjoy-food/eating-with-diabetes/meal-plans/1500-calories-a-day-,10
best keto electrolytes,https://www.outlookindia.com/outlook-spotlight/27-best-electrolyte-supplements-for-keto-news-264206,1
best keto electrolytes,https://www.discovermagazine.com/lifestyle/26-best-electrolyte-supplements-for-keto-in-2023,2
best keto electrolytes,https://ketogenicbuddies.com/best-keto-electrolyte-supplements/,3
best keto electrolytes,https://thehealthyrd.com/the-best-keto-electrolyte-powder-for-fasting/,4
best keto electrolytes,https://wetried.it/best-keto-electrolytes/,5
best keto electrolytes,https://bodyketosis.com/keto-electrolytes/,6
best keto electrolytes,https://www.macymichelle.com/best-electrolytes-for-keto/,7
best keto electrolytes,https://www.amazon.co.uk/electrolytes-keto/s?k=electrolytes+for+keto,8
best keto electrolytes,https://www.amazon.com/keto-electrolytes/s?k=keto+electrolytes,9
best keto electrolytes,https://blog.kissmyketo.com/articles/nutrition/keto-electrolyte-supplements-to-buy/,1
best keto electrolytes,https://healthyambitions.co/the-best-electrolyte-supplement-for-the-keto-diet/,2
best keto electrolytes,https://thehealthbeat.com/best-electrolyte-drinks-for-the-keto-diet/,3
best keto electrolytes,https://www.yourmeals.com.au/post/the-best-keto-electrolytes-in-australia,4
best keto electrolytes,https://athleticmuscle.com/best-keto-electrolytes/,5
best keto electrolytes,https://uk.bestreviews.guide/keto-diet-electrolytes,6
best keto electrolytes,https://www.sports-supplements-compare.co.uk/keto-electrolytes/,7
best keto electrolytes,https://www.go-keto.com/en/supplements/electrolytes/,8
best keto electrolytes,https://www.carbmanager.com/article/xtqunbeaacaacgdw/importance-of-electrolytes-on-keto/,9
keto constipation,https://www.health.com/condition/digestive-health/keto-diet-constipation,1
keto constipation,https://www.healthline.com/health/diet-and-weight-loss/keto-and-constipation,2
keto constipation,https://www.doctorkiltz.com/keto-constipation/,3
keto constipation,https://www.everydayhealth.com/ketogenic-diet/diet/keto-constipation-diarrhea-why-it-happens-how-deal/,4
keto constipation,https://www.dietdoctor.com/low-carb/side-effects/constipation,5
keto constipation,https://perfectketo.com/keto-constipation/,6
keto constipation,https://draxe.com/nutrition/keto-diet-constipation/,7
keto constipation,https://naturalforce.com/blogs/nutrition/keto-constipation-cures,8
keto constipation,https://keto-mojo.com/article/constipation-on-keto/,9
keto constipation,https://www.soscuisine.com/blog/end-constipation-ketogenic-diet/,1
keto constipation,https://www.ketoconnect.net/keto-constipation/,2
keto constipation,https://www.news24.com/health24/medical/constipation/constipation-and-diet/constipation-on-the-keto-diet-heres-what-you-should-do-20181210,3
keto constipation,https://wellversed.in/blogs/articles/keto-diet-and-constipation,4
keto constipation,https://www.verywellfit.com/how-to-ease-constipation-on-a-low-carb-diet-2242092,5
keto constipation,https://www.womenshealthmag.com/weight-loss/a26812208/keto-diet-constipation/,6
keto constipation,https://www.youtube.com/watch?v=iF2DWdBMtLc,7
keto constipation,https://www.shape.com/healthy-eating/diet-tips/keto-diet-constipation-prevention-treatment,8
keto constipation,https://ketodietapp.com/Blog/lchf/how-to-deal-with-constipation-on-low-carb-and-keto-diets,9
are cucumbers keto,https://www.medicalnewstoday.com/articles/vegetables-for-keto,1
are cucumbers keto,https://perfectketo.com/are-cucumbers-keto/,2
are cucumbers keto,https://www.thedonutwhole.com/how-many-cucumbers-can-i-eat-on-keto/,3
are cucumbers keto,https://lowcarbyum.com/are-cucumbers-keto-friendly/,4
are cucumbers keto,https://ketogenic.com/carbs-in-cucumbers-are-they-keto/,5
are cucumbers keto,https://sureketo.com/is-it-keto/cucumber,6
are cucumbers keto,https://www.ketoconnect.net/are-cucumbers-keto/,7
are cucumbers keto,https://izzycooking.com/are-cucumbers-keto/,8
are cucumbers keto,https://ketopots.com/are-cucumbers-keto,9
are cucumbers keto,https://www.quora.com/Is-cucumber-keto,1
are cucumbers keto,https://isitketo.org/cucumbers,2
are cucumbers keto,https://www.foodfaithfitness.com/low-carb-keto-cucumber-salad/,3
are cucumbers keto,https://www.lowcarbspark.com/are-cucumbers-keto/,4
are cucumbers keto,https://www.sweetashoney.co/keto-cucumber-salad/,5
are cucumbers keto,https://ketocookingchristian.com/web-stories/keto-cucumber-salad/,6
are cucumbers keto,https://paleocomfortfoods.com/are-cucumbers-keto-everything-you-need-to-know/,7
are cucumbers keto,https://nobunplease.com/is-cucumber-keto-friendly/,8
are cucumbers keto,https://www.everydayhealth.com/ketogenic-diet/best-low-carb-vegetables-to-eat-on-the-keto-diet/,9
how many carbs in cabbage,https://www.carbmanager.com/food-detail/cc:acd3cafd9d2983e0e8d1eae58d60d008/cabbage-green-cooked,1
how many carbs in cabbage,https://www.everydayhealth.com/ketogenic-diet/is-cabbage-keto/,2
how many carbs in cabbage,https://perfectketo.com/carbs-in-cabbage/,3
how many carbs in cabbage,https://www.wholesomeyum.com/is-cabbage-keto/,4
how many carbs in cabbage,https://delightfullylowcarb.com/how-many-carbs-are-in-cabbage/,5
how many carbs in cabbage,https://www.weightwatchers.com/us/blog/food/low-carb-vegetables,6
how many carbs in cabbage,https://www.verywellfit.com/cabbage-nutrition-facts-calories-and-health-benefit-4117541,7
how many carbs in cabbage,https://www.healthline.com/nutrition/21-best-low-carb-vegetables,8
how many carbs in cabbage,https://www.carbmanager.com/food-detail/cc:5516800be08e33b90abdc645b5932ae4/cabbage-green-raw,1
how many carbs in cabbage,https://leftcoastperformance.com/blogs/keto/carbs-in-cabbage,2
how many carbs in cabbage,https://www.menshealth.com/nutrition/g26553021/best-keto-friendly-vegetables/,3
how many carbs in cabbage,https://ketodietapp.com/data/ingredient/537,4
how many carbs in cabbage,"https://www.eatthismuch.com/food/nutrition/cabbage,1902/",5
how many carbs in cabbage,https://www.barnesjewish.org/Health-Library/View-Content?contentTypeId=76&contentId=11110-2,6
how many carbs in cabbage,https://www.lowcarbhack.com/cabbage-calories-carbs-keto/,7
how many carbs in cabbage,https://fdc.nal.usda.gov/fdc-app.html#/food-details/169976/nutrients,8
how many carbs in cabbage,https://www.uhhospitals.org/health-information/health-and-wellness-library/article/nutritionfacts-v1/cabbage-raw-1-head-large-about-7-dia,9
cereal keto,https://keto-mojo.com/fr/recipes/crispy-keto-breakfast-cereal/,1
cereal keto,https://www.amazon.com/Keto-Cereal/s?k=Keto+Cereal,2
cereal keto,https://familleketo.com/recipe/cereales/,3
cereal keto,https://www.myketokitchen.com/keto-recipes/low-carb-cinnamon-keto-cereal/,4
cereal keto,https://www.etsy.com/fr/market/keto_cereal,5
cereal keto,https://magicspoon.com/pages/keto-cereal,6
cereal keto,https://www.delish.com/cooking/recipe-ideas/a25238263/keto-cereal-recipe/,7
cereal keto,https://perfectketo.com/best-keto-cereal/,8
cereal keto,https://www.ibs.it/keto-cereal-ultimate-cookbook-for-ebook-inglese-zara-elby/e/9781393235958,1
cereal keto,https://www.delish.com/cooking/recipe-ideas/a25238263/keto-cereal-recipe/,2
cereal keto,https://www.myketokitchen.com/keto-recipes/low-carb-cinnamon-keto-cereal/,3
cereal keto,https://yoketo.com.au/collections/cereal,4
cereal keto,https://www.healthline.com/health/best-low-carb-cereal-brands,5
cereal keto,https://www.wonderworksfoods.com/,6
cereal keto,https://www.meijer.com/shopping/product/wonderworks-keto-friendly-chocolate-cereal-10-75-oz/1600017283.html,7
cereal keto,https://ratiofood.com/products/maple-almond-crunch-cereal,8
cereal keto,https://farmgirl.work/,9
cereal keto,https://www.heb.com/product-detail/general-mills-wonderworks-keto-friendly-peanut-butter-cereal/4737024,10
best keto macro calculator,https://perfectketo.com/keto-macro-calculator/,1
best keto macro calculator,https://ketodietapp.com/Blog/page/KetoDiet-Buddy,2
best keto macro calculator,https://www.ruled.me/keto-calculator/,3
best keto macro calculator,https://www.wholesomeyum.com/the-best-free-low-carb-keto-macro-calculator/,4
best keto macro calculator,https://theketoqueens.com/keto-macro-calculator-review/,5
best keto macro calculator,https://lowcarbyum.com/keto-macro-calculator/,6
best keto macro calculator,https://ketokarma.com/keto-calculator/,7
best keto macro calculator,https://ketogenic.com/calculator/,8
best keto macro calculator,https://www.castironketo.net/blog/free-keto-macro-calculator/,9
best keto macro calculator,https://healthyeater.com/keto-diet-macros,10
best keto macro calculator,https://www.ketoconnect.net/calculator/,1
best keto macro calculator,https://www.go-keto.com/en/academy/about-keto-diet/go-keto-calculator/,2
best keto macro calculator,https://www.sweetashoney.co/simplest-macro-calculator/,3
best keto macro calculator,https://www.trifectanutrition.com/keto-macro-calculator,4
best keto macro calculator,https://www.omnicalculator.com/health/keto,5
best keto macro calculator,https://keto-mojo.com/mymojomacros-keto-macro-calculator/,6
best keto macro calculator,https://healnourishgrow.com/keto-calculator/,7
best keto macro calculator,https://apps.apple.com/us/app/keto-calculator-keto-buddy/id765076642,8
best keto macro calculator,https://calculo.io/keto-calculator,9
best keto macro calculator,https://www.ditchthecarbs.com/macro-calculator/,10
keto foods at costco,https://lowcarbyum.com/how-to-shop-keto-at-costco/,1
keto foods at costco,https://parade.com/1307042/kaitlin-vogel/keto-at-costco/,2
keto foods at costco,https://peopleschoicebeefjerky.com/blogs/news/costco-keto-list,3
keto foods at costco,https://www.ketobars.com/blogs/keto-bars-and-beyond/keto-snacks-at-costco,4
keto foods at costco,https://afullliving.com/the-ultimate-costco-low-carb-and-keto-grocery-list/,5
keto foods at costco,https://perfectketo.com/costco-keto/,6
keto foods at costco,https://www.ketoconnect.net/keto-costco,7
keto foods at costco,https://www.insider.com/best-foods-to-get-at-costco-for-weight-loss-keto-diet-2021,8
clean keto meal plan,https://www.ibreatheimhungry.com/week-1-squeaky-clean-keto-meal-plan-sckc/,1
clean keto meal plan,https://perfectketo.com/clean-keto-diet/,2
clean keto meal plan,https://thebetteredblondie.com/week-one-clean-keto-meal-plan/,3
clean keto meal plan,https://healthylittlepeach.com/paleo-keto-meal-plan-week-1/,4
clean keto meal plan,https://www.pinterest.com/pin/245868460896501631/,5
clean keto meal plan,https://eatbefitexplore.com/easy-clean-keto-lunch-recipes/,6
clean keto meal plan,https://cleanketolifestyle.com/wp-content/uploads/2019/05/CKL-Keto-7-Day-Kickstart.pdf,7
clean keto meal plan,https://www.tasteslovely.com/how-i-lost-weight-eating-clean-keto-whole30/,8
clean keto meal plan,https://www.pinterest.com/pin/245868460896501631/,1
clean keto meal plan,https://laraclevenger.com/clean-keto-recipes/,2
clean keto meal plan,https://www.amazon.com/Clean-Ketogenic-Diet-Beginners-Healthy/dp/1638783594,3
clean keto meal plan,https://www.runnersblueprint.com/clean-keto-food-list-for-beginners/,4
clean keto meal plan,https://planketogenic.pro/en/keto-diet-plans/clean-keto,5
clean keto meal plan,https://www.dietdoctor.com/low-carb/keto/diet-plan,6
clean keto meal plan,https://www.nuthera.ph/ja/collections/specialized-meal-plan-programs/products/keto-meal-plan,7
clean keto meal plan,https://www.cleaneatzkitchen.com/products/keto-meal-plan-delivery,8
clean keto meal plan,https://www.healthline.com/nutrition/keto-diet-meal-plan-and-menu,9
clean keto meal plan,https://naturalforce.com/blogs/nutrition/clean-keto,10
keto cold brew starbucks,https://www.tasteofhome.com/collection/keto-starbucks-drinks/,1
keto cold brew starbucks,https://www.thedietchefs.com/keto-at-starbucks/,2
keto cold brew starbucks,https://www.pinterest.com/pin/ketofitig-on-instagram-keto-cold-brew-recipe-from-starbucks-rp-ketosony-heres--364087951124852035/,3
keto cold brew starbucks,https://www.purewow.com/food/keto-starbucks-drinks,4
keto cold brew starbucks,https://thebigmansworld.com/keto-starbucks-drinks/,5
keto cold brew starbucks,https://ketointhecity.com/blog/2019/8/18/keto-friendly-starbucks-drinks,6
keto cold brew starbucks,https://twosleevers.com/best-low-carb-starbucks/,7
keto cold brew starbucks,https://www.tiktok.com/@ketostarbucksdrinks/video/6932713285498326278,8
keto cold brew starbucks,https://twosleevers.com/best-low-carb-starbucks/,1
keto cold brew starbucks,https://mamabearscookbook.com/keto-starbucks-drinks/,2
keto cold brew starbucks,https://www.gnom-gnom.com/keto-salted-caramel-cream-cold-brew/,3
keto cold brew starbucks,https://sureketo.com/is-it-keto/starbucks-unsweetened-black-cold-brew-coffee,4
keto cold brew starbucks,https://hip2keto.com/tips/keto-starbucks-drinks/,5
keto cold brew starbucks,https://sugarfreelondoner.com/keto-iced-coffee-starbucks/,6
keto cold brew starbucks,https://www.popsugar.com/fitness/starbucks-keto-pumpkin-cream-cold-brew-drink-47857314,7
keto cold brew starbucks,https://www.youtube.com/watch?v=Ir2E2gL1lL0,8
keto cold brew starbucks,https://coffeeatthree.com/keto-starbucks-drinks/,9
carbs in champagne,https://www.everydayhealth.com/ketogenic-diet/best-and-worst-alcoholic-drinks-to-sip-on-the-keto-diet/,1
carbs in champagne,https://www.vinovest.co/blog/carbs-in-champagne,2
carbs in champagne,https://www.thedonutwhole.com/is-there-any-carbs-in-champagne/,3
carbs in champagne,https://perfectketo.com/carbohydrates-in-champagne/,4
carbs in champagne,https://www.carbmanager.com/food-detail/md:907d82797e1ff56348412d6fd6f6f56e/brut-champagne,5
carbs in champagne,https://toronadosd.com/champagne-the-types-and-their-carb-counts/,6
carbs in champagne,https://izzycooking.com/carbs-in-champagne/,7
carbs in champagne,https://sated.com/blogs/news/can-i-drink-champagne-on-keto,1
carbs in champagne,https://www.ketoconnect.net/carbs-in-champagne/,2
carbs in champagne,https://www.fatsecret.com/calories-nutrition/food/champagne/carbohydrate,3
carbs in champagne,https://healthyeating.sfgate.com/carbohydrates-champagne-11802.html,4
carbs in champagne,https://www.thekitchn.com/keto-low-carb-alcohol-253336,5
carbs in champagne,https://diabetesstrong.com/how-many-calories-and-carbs-are-there-in-different-types-of-alcohol/,6
carbs in champagne,https://www.insider.com/alcohol-you-can-drink-on-keto-2018-8,7
carbs in champagne,https://www.millesima-usa.com/blog/calories-in-champagne-the-nutritional-content-of-your-favorite-bubbly.html,8
carbs in champagne,https://usualwines.com/blogs/knowledge-base/low-carb-wine,9
carbs in champagne,https://www.weightlossresources.co.uk/calories-in-food/alcoholic-drinks/champagne.htm,10
corn tortilla carbs,https://www.carbmanager.com/food-detail/cc:20ed61bcddab1da03cd460f741310fb7/corn-tortilla-plain,1
corn tortilla carbs,https://unocasa.com/blogs/tips/corn-tortilla-carbs,2
corn tortilla carbs,https://www.webmd.com/diet/differences-between-corn-flour-tortillas,3
corn tortilla carbs,https://healthybeat.com/nutrition/corn-tortilla-carbs/,4
corn tortilla carbs,https://www.sweetashoney.co/low-carb-corn-tortillas/,5
corn tortilla carbs,https://perfectketo.com/are-tortillas-low-carb/,6
corn tortilla carbs,https://www.healthline.com/nutrition/corn-vs-flour-tortilla,7
corn tortilla carbs,https://www.smartypantskitchen.com/are-corn-tortillas-keto/,8
corn tortilla carbs,https://www.prevention.com/food-nutrition/a19057927/corn-vs-flour-tortilla/,9
soluble tapioca fiber,https://perfectketo.com/soluble-tapioca-fiber/,1
soluble tapioca fiber,https://ketogenic.com/soluble-tapioca-fiber/,2
soluble tapioca fiber,https://www.amazon.com/KetoGoods-Pre-biotic-Tapioca-Fiber-friendly/dp/B0971RMZMQ,3
soluble tapioca fiber,https://upliftfood.com/blogs/news/is-tapioca-fiber-keto-or-does-it-spike-blood-sugar-levels,4
soluble tapioca fiber,https://ketogoods.net/products/pre-biotic-soluble-fiber,5
soluble tapioca fiber,https://www.advancedingredients.com/products/fibersmart,6
soluble tapioca fiber,https://eatresist.com/blogs/the-resist-blog/what-is-tapioca-fiber-does-tapioca-fiber-raise-blood-sugar,7
soluble tapioca fiber,https://blog.kissmyketo.com/articles/keto-diet-basics/is-tapioca-fiber-keto/,8
soluble tapioca fiber,https://www.fitmotherproject.com/tapioca-fiber/,9
keto diet snacks,https://www.healthline.com/nutrition/best-keto-snacks,1
keto diet snacks,https://www.dietdoctor.com/low-carb/keto/snacks,2
keto diet snacks,https://www.wholesomeyum.com/category/low-carb-snacks/,3
keto diet snacks,https://www.delish.com/cooking/g4801/keto-snacks/,4
keto diet snacks,https://thebigmansworld.com/keto-snacks/,5
keto diet snacks,https://www.ditchthecarbs.com/easy-lazy-keto-snacks/,6
keto diet snacks,https://perfectketo.com/keto-snacks/,7
keto diet snacks,https://insanelygoodrecipes.com/keto-snacks/,8
keto diet snacks,https://www.medicalnewstoday.com/articles/best-keto-snacks,9
keto diet snacks,https://tasty.co/article/michelleno/keto-snack-recipes,1
keto diet snacks,https://draxe.com/nutrition/keto-snacks/,2
keto diet snacks,https://peopleschoicebeefjerky.com/blogs/news/keto-snacks-amazon,3
keto diet snacks,https://schoolyardsnacks.com/blogs/blog/easy-keto-snacks,4
keto diet snacks,https://www.forkly.com/food/20-absolute-best-snacks-foods-to-try-on-the-keto-diet/,5
keto diet snacks,https://www.bbcgoodfood.com/recipes/collection/keto-snacks-recipes,6
keto diet snacks,https://www.womenshealthmag.com/weight-loss/a19994543/keto-diet-snacks/,7
keto diet snacks,https://www.freshnlean.com/blog/keto-snacks/,8
keto diet snacks,https://wholelottayum.com/15-keto-snacks-when-youre-on-the-go/,9
is eggplant keto,https://ketopots.com/is-eggplant-keto,1
is eggplant keto,https://izzycooking.com/is-eggplant-keto-and-carbs-in-eggplant/,2
is eggplant keto,https://lowcarbyum.com/is-eggplant-keto/,3
is eggplant keto,https://greenandketo.com/keto-eggplant-parmesan,4
is eggplant keto,https://perfectketo.com/eggplant-keto/,5
is eggplant keto,https://thebigmansworld.com/keto-eggplant-parmesan/,6
is eggplant keto,https://www.livofy.com/health/weight-loss/egg-plant-on-keto-diet-keto-diet-keto-india/,7
is eggplant keto,https://ketosummit.com/keto-eggplant-recipes/,8
almond milk carbs,https://www.carbmanager.com/food-detail/cc:9af0731b9327cfc87ddbb5a55a3aad8a/almond-milk-plain-or-original-unsweetened,1
almond milk carbs,https://www.verywellfit.com/almond-milk-nutrition-calories-carbs-and-benefits-4164247,2
almond milk carbs,https://welltech.com/content/carbs-in-almond-milk-keto-low-carb-perspective/,3
almond milk carbs,https://izzycooking.com/is-almond-milk-keto/,4
almond milk carbs,https://perfectketo.com/almond-milk-good-keto/,5
almond milk carbs,https://www.webmd.com/diet/health-benefits-almond-milk,6
almond milk carbs,https://betterme.world/articles/how-many-carbs-are-in-almond-milk/,7
almond milk carbs,https://ketopots.com/is-almond-milk-keto,8
almond milk carbs,https://ketogenic.com/is-almond-milk-keto/,1
almond milk carbs,https://nourishedbynutrition.com/homemade-almond-milk/,2
almond milk carbs,https://www.womenshealthmag.com/food/a31043813/oat-milk-vs-almond-milk/,3
almond milk carbs,https://www.ketoasap.com/is-almond-milk-ketogenic-friendly/,4
almond milk carbs,https://www.medicalnewstoday.com/articles/318612,5
almond milk carbs,https://www.bluediamond.com/brand/almond-breeze/almondmilk/original,6
almond milk carbs,https://www.recipal.com/ingredients/253344-nutrition-facts-calories-protein-carbs-fat-kirkland-original-unsweetened-almond-milk,7
almond milk carbs,https://www.mentalfoodchain.com/carbs-almond-milk-keto/,8
almond milk carbs,https://www.fatsecret.co.za/calories-nutrition/food/almond-milk/carbohydrate,9
hydrogenated oil,https://www.medicalnewstoday.com/articles/hydrogentated-oil,1
hydrogenated oil,https://www.healthline.com/health/ways-to-avoid-hydrogenated-oil,2
hydrogenated oil,https://www.thespruceeats.com/do-hydrogenated-oils-contain-trans-fats-2246050,3
hydrogenated oil,https://www.mayoclinic.org/diseases-conditions/high-blood-cholesterol/in-depth/trans-fat/art-20046114,4
hydrogenated oil,https://perfectketo.com/hydrogenated-oil/,5
hydrogenated oil,https://en.wikipedia.org/wiki/Fat_hydrogenation,6
hydrogenated oil,https://www.fda.gov/food/food-additives-petitions/final-determination-regarding-partially-hydrogenated-oils-removing-trans-fat,7
hydrogenated oil,http://www.livestrong.com/article/188137-list-of-fully-hydrogenated-oils/,8
how long to do keto,https://perfectketo.com/how-long-should-you-do-keto/,1
how long to do keto,https://www.eatingwell.com/article/290678/i-tried-the-ketogenic-diet-for-30-days-and-heres-what-happened/,2
how long to do keto,https://parade.com/1168776/nicolepajer/keto-weight-loss-how-fast-long-does-it-take/,3
how long to do keto,https://www.popsugar.com/fitness/How-Long-Should-I-Do-Keto-Diet-44092236,4
how long to do keto,https://www.healthline.com/nutrition/how-long-does-it-take-to-get-into-ketosis,5
how long to do keto,https://www.wellandgood.com/ketogenic-diet-long-term-versus-short-term/,6
how long to do keto,https://www.health.com/weight-loss/keto-long-term,7
how long to do keto,https://www.health.harvard.edu/staying-healthy/should-you-try-the-keto-diet,8
vegetables for weight loss,https://www.eatingwell.com/article/7938735/the-best-vegetables-for-weight-loss-according-to-dietitians/,1
vegetables for weight loss,https://www.ndtv.com/food/weight-loss-top-9-vegetables-to-include-in-your-diet-to-burn-belly-fat-1885607,2
vegetables for weight loss,https://www.dietdoctor.com/weight-loss/vegetables,3
vegetables for weight loss,https://www.godigit.com/health-insurance/weight-loss/vegetables-for-weight-loss,4
vegetables for weight loss,https://fitelo.co/vegetables-for-weight-loss/,5
vegetables for weight loss,https://www.acko.com/health-insurance/health-guides/vegetables-for-weight-loss/,6
vegetables for weight loss,https://perfectketo.com/top-11-best-vegetables-for-weight-loss/,7
vegetables for weight loss,https://bozemanmagazine.com/news/2022/09/19/115082-best-vegetables-for-weight-loss-that-are-actually,8
vegetables for weight loss,https://timesofindia.indiatimes.com/life-style/health-fitness/web-stories/best-and-worst-vegetables-for-weight-loss/photostory/99241082.cms,1
vegetables for weight loss,https://www.signos.com/blog/best-vegetables-for-weight-loss,2
vegetables for weight loss,https://perfectketo.com/top-11-best-vegetables-for-weight-loss/,3
vegetables for weight loss,https://www.cdc.gov/healthyweight/healthy_eating/fruits_vegetables.html,4
vegetables for weight loss,https://bozemanmagazine.com/news/2022/09/19/115082-best-vegetables-for-weight-loss-that-are-actually,5
vegetables for weight loss,https://healthnewshub.org/the-top-five-vegetables-for-weight-loss-according-to-a-doctor/,6
vegetables for weight loss,https://www.quora.com/What-are-the-best-vegetables-for-weight-loss,7
vegetables for weight loss,https://www.menshealth.com/nutrition/a40589126/best-vegetables-for-weight-loss/,8
vegetables for weight loss,https://www.atkins.com/how-it-works/library/articles/5-reasons-vegetables-may-help-you-lose-weight-and-live-longer,9
vegetables for weight loss,https://www.health.harvard.edu/nutrition/research-were-watching-which-fruits-and-vegetables-are-best-for-weight-loss,10
intermittent fasting diarrhea,https://www.healthline.com/health/diarrhea-during-fasting,1
intermittent fasting diarrhea,https://levelsprotein.com/blogs/guides/diarrhea-after-fasting,2
intermittent fasting diarrhea,https://perfectketo.com/diarrhea-during-fasting/,3
intermittent fasting diarrhea,https://healthreporter.com/intermittent-fasting-diarrhea/,4
intermittent fasting diarrhea,https://21dayhero.com/diarrhea-after-fasting/,5
intermittent fasting diarrhea,https://blog.thefastingmethod.com/fasting-basics-common-side-effects-of-fasting/,6
intermittent fasting diarrhea,https://reachmd.com/news/intermittent-fasting-causes-constipation-bowel-movement-problems/1645507/,7
intermittent fasting diarrhea,https://www.quora.com/Is-diarrhea-normal-when-starting-intermittent-fasting,8
intermittent fasting diarrhea,https://www.livestrong.com/article/13729612-intermittent-fasting-effects-on-poop/,9
intermittent fasting diarrhea,https://www.livestrong.com/article/13729612-intermittent-fasting-effects-on-poop/,1
intermittent fasting diarrhea,https://fitnessvolt.com/diarrhea-during-fasting/,2
intermittent fasting diarrhea,https://www.mentalfoodchain.com/intermittent-fasting-side-effects/,3
intermittent fasting diarrhea,https://healthinsider.news/intermittent-fasting-diarrhea/,4
intermittent fasting diarrhea,https://dofasting.com/blog/diarrhea-after-fasting/,5
intermittent fasting diarrhea,https://lasta.app/why-does-intermittent-fasting-cause-diarrhea/,6
intermittent fasting diarrhea,https://lifehackerguy.com/diarrhea-after-fasting/,7
intermittent fasting diarrhea,https://www.youtube.com/watch?v=KXtPbMis6_o,8
intermittent fasting diarrhea,https://www.dietdoctor.com/intermittent-fasting/side-effects,9
intermittent fasting diarrhea,https://sports.yahoo.com/doing-intermittent-fasting-making-constipated-120000018.html,10
keto mediterranean diet,https://www.ruled.me/ketogenic-mediterranean-diet/,1
keto mediterranean diet,https://www.carbmanager.com/article/yel2oraaaiawrknu/what-is-the-mediterranean-keto-diet,2
keto mediterranean diet,https://perfectketo.com/mediterranean-keto-diet/,3
keto mediterranean diet,https://med.stanford.edu/news/all-news/2022/070/keto-mediterranean-diet-diabetes.html,4
keto mediterranean diet,https://www.mindbodygreen.com/articles/mediterranean-keto-diet,5
keto mediterranean diet,https://www.purewow.com/food/mediterranean-keto-recipes,6
keto mediterranean diet,https://www.doctorkiltz.com/mediterranean-keto-diet/,7
keto mediterranean diet,https://www.thisbitchsays.com/mediterranean-keto-diet/,8
keto mediterranean diet,https://macro-plate.com/blog/mediterranean-keto-the-ultimate-diet-for-health-weight-loss/,9
keto mediterranean diet,https://macro-plate.com/blog/mediterranean-keto-the-ultimate-diet-for-health-weight-loss/,1
keto mediterranean diet,https://www.amazon.com/Ketogenic-Mediterranean-Diet-Fresh-Delicious/dp/1612436412,2
keto mediterranean diet,https://www.youtube.com/watch?v=zIDDyuI2kKc,3
keto mediterranean diet,https://www.youtube.com/watch?v=Q-3STVL9dDo,4
keto mediterranean diet,https://nutritionj.biomedcentral.com/articles/10.1186/1475-2891-7-30,5
keto mediterranean diet,https://www.mediterraneanliving.com/21-low-carb-mediterranean-diet-recipes/,6
keto mediterranean diet,https://www.ncbi.nlm.nih.gov/pmc/articles/PMC9603454/,7
keto mediterranean diet,https://www.medicalnewstoday.com/articles/a-mediterranean-based-ketogenic-diet-may-help-lower-alzheimers-disease-risk,8
bone broth keto,https://ketodietapp.com/Blog/lchf/Keto-Bone-Broth,1
bone broth keto,https://aussieketoqueen.com/keto-bone-broth-recipe/,2
bone broth keto,https://www.lowcarb-nocarb.com/keto-bone-broth-instant-pot/,3
bone broth keto,https://bluebirdprovisions.co/blogs/news/bone-broth-ketosis,4
bone broth keto,https://perfectketo.com/keto-chicken-bone-broth/,5
bone broth keto,https://theketominimalist.com/blog/easy-keto-bone-broth-recipe-why-you-should-drink-it,6
bone broth keto,https://www.ketofocus.com/recipes/chicken-bone-broth/,7
bone broth keto,https://www.doctorkiltz.com/keto-bone-broth/,8
bone broth keto,https://www.carbmanager.com/recipe-detail/ug:7c29eaf4-7429-a2d0-6451-7059ae39e0b1/keto-beef-bone-broth,9

